,bmi,primary_eating,secondary_eating,exercise,fast_food,food_amount,stores,maj_ind,cat_occ,income_lvl,income_weekly
7,27.5,30.0,5.0,2.0,1.0,3.0,1.0,5,3,1,144.9
34,30.6,85.0,0.0,2.0,1.0,3.0,2.0,13,1,1,1038.46
36,18.299999,145.0,0.0,2.0,1.0,3.0,1.0,10,1,1,884.61
37,26.5,60.0,5.0,2.0,2.0,3.0,1.0,12,2,0,415.0
38,24.200001,15.0,0.0,1.0,1.0,3.0,1.0,8,1,0,576.92
40,25.799999,45.0,0.0,2.0,1.0,3.0,2.0,9,6,0,350.0
46,26.5,120.0,0.0,2.0,1.0,3.0,1.0,8,3,1,1826.0
51,21.799999,40.0,20.0,2.0,1.0,3.0,1.0,9,1,1,940.536575074
53,36.0,125.0,90.0,1.0,1.0,3.0,2.0,10,1,1,846.0
84,30.4,30.0,10.0,1.0,1.0,3.0,2.0,4,6,1,1500.0
95,23.6,29.0,0.0,1.0,1.0,3.0,2.0,4,6,1,734.0
100,27.5,75.0,0.0,1.0,2.0,3.0,1.0,5,3,1,961.53
106,25.6,15.0,30.0,2.0,2.0,3.0,1.0,13,1,1,1019.23
109,26.9,55.0,15.0,2.0,2.0,3.0,1.0,6,3,1,826.92
147,30.700001,175.0,0.0,1.0,2.0,3.0,1.0,11,2,1,128.0
149,27.799999,20.0,0.0,2.0,1.0,3.0,3.0,10,1,1,1250.0
183,21.5,135.0,0.0,1.0,2.0,3.0,2.0,10,1,1,961.53
184,17.200001,75.0,10.0,2.0,1.0,3.0,1.0,5,6,0,300.0
201,25.0,10.0,20.0,1.0,1.0,3.0,1.0,8,3,1,1016.0
260,21.200001,0.0,75.0,2.0,1.0,3.0,1.0,9,1,1,840.0
261,27.4,30.0,30.0,2.0,2.0,3.0,1.0,10,1,1,2047.61
274,34.200001,60.0,20.0,1.0,1.0,3.0,3.0,9,1,1,961.53
277,26.5,90.0,0.0,1.0,2.0,3.0,2.0,6,6,0,875.0
282,29.5,30.0,2.0,2.0,2.0,3.0,1.0,6,6,1,800.0
285,39.0,15.0,15.0,2.0,1.0,3.0,2.0,5,6,1,1000.0
289,17.799999,35.0,20.0,1.0,1.0,3.0,5.0,10,1,1,1730.76
300,30.799999,30.0,0.0,1.0,2.0,3.0,2.0,4,6,1,1112.0
302,24.0,170.0,2.0,1.0,2.0,3.0,1.0,3,3,0,330.0
312,31.0,60.0,20.0,2.0,2.0,3.0,1.0,10,5,1,972.4
325,30.700001,15.0,0.0,1.0,1.0,3.0,1.0,5,5,0,875.0
332,27.200001,90.0,0.0,2.0,2.0,3.0,1.0,10,2,1,1923.07
347,24.799999,55.0,5.0,1.0,1.0,2.0,2.0,8,3,0,300.0
362,24.200001,50.0,30.0,1.0,2.0,3.0,1.0,12,3,0,498.0
384,37.700001,195.0,0.0,2.0,2.0,3.0,1.0,8,1,1,1019.23
399,32.900002,30.0,5.0,2.0,1.0,3.0,2.0,8,1,0,634.61
414,25.700001,45.0,300.0,2.0,2.0,3.0,2.0,4,6,1,940.536575074
421,33.099998,42.0,15.0,2.0,2.0,3.0,1.0,5,6,1,420.0
431,29.799999,90.0,30.0,1.0,2.0,3.0,1.0,10,2,1,440.0
438,33.0,0.0,0.0,2.0,2.0,3.0,1.0,10,2,1,557.69
441,23.0,60.0,0.0,2.0,1.0,3.0,1.0,10,1,1,1346.0
453,25.799999,35.0,230.0,1.0,1.0,3.0,1.0,10,1,1,1788.46
473,27.5902193611,55.0,0.0,1.0,1.0,3.0,1.0,4,1,1,1081.04
480,24.4,40.0,10.0,2.0,2.0,3.0,1.0,4,1,1,2596.15
484,27.799999,45.0,0.0,2.0,1.0,3.0,1.0,5,2,0,195.0
491,30.0,40.0,90.0,2.0,1.0,3.0,1.0,10,2,1,1000.0
493,28.200001,35.0,0.0,2.0,1.0,2.0,1.0,12,3,0,116.0
511,15.8,75.0,10.0,1.0,1.0,3.0,1.0,5,3,0,298.35
513,21.9,60.0,25.0,2.0,2.0,3.0,1.0,10,1,0,180.0
515,26.4,105.0,0.0,2.0,1.0,3.0,1.0,8,1,1,2884.61
532,24.799999,35.0,480.0,1.0,1.0,3.0,1.0,4,6,1,750.0
534,22.4,55.0,0.0,2.0,1.0,3.0,2.0,12,6,1,800.0
535,35.099998,90.0,5.0,1.0,1.0,3.0,2.0,10,3,0,449.6
537,29.0,48.0,0.0,2.0,1.0,3.0,1.0,6,1,1,2884.61
552,25.1,60.0,180.0,1.0,1.0,3.0,1.0,5,6,1,769.0
555,23.9,3.0,21.0,1.0,1.0,3.0,1.0,8,3,1,462.5
569,37.799999,45.0,50.0,2.0,2.0,3.0,1.0,9,1,1,650.0
574,25.799999,30.0,0.0,1.0,1.0,2.0,1.0,3,5,0,940.536575074
576,20.799999,20.0,40.0,1.0,1.0,3.0,1.0,5,3,1,690.0
577,26.6,60.0,15.0,2.0,2.0,3.0,1.0,9,1,1,1565.2
603,31.200001,60.0,60.0,2.0,2.0,3.0,1.0,13,2,0,241.5
608,30.700001,45.0,0.0,2.0,2.0,3.0,1.0,10,1,1,2884.61
621,25.1,80.0,0.0,1.0,1.0,3.0,1.0,10,1,1,0.0
638,35.700001,70.0,5.0,2.0,2.0,3.0,1.0,10,1,1,1403.84
653,27.5902193611,75.0,25.0,2.0,1.0,3.0,2.0,10,1,1,1846.15
654,19.4,280.0,0.0,2.0,2.0,3.0,1.0,11,3,1,846.15
658,27.4,15.0,10.0,1.0,2.0,2.0,1.0,10,1,0,69.23
667,25.1,26.0,99.0,1.0,1.0,3.0,2.0,1,4,1,940.536575074
675,35.400002,30.0,0.0,1.0,2.0,3.0,1.0,10,2,0,448.6
676,29.0,120.0,0.0,2.0,1.0,3.0,1.0,5,6,0,92.3
685,27.4,35.0,0.0,2.0,1.0,3.0,1.0,11,6,1,235.68
686,24.1,40.0,0.0,2.0,2.0,3.0,1.0,10,2,0,125.0
700,26.6,40.0,0.0,2.0,2.0,3.0,1.0,10,2,0,940.536575074
701,24.6,250.0,0.0,2.0,1.0,3.0,2.0,8,1,1,1042.79
703,24.0,60.0,0.0,2.0,2.0,3.0,1.0,11,2,1,1461.53
705,25.1,45.0,0.0,2.0,2.0,3.0,3.0,13,2,1,961.53
706,23.299999,75.0,5.0,2.0,2.0,3.0,3.0,13,2,1,2403.84
711,22.0,50.0,20.0,2.0,2.0,3.0,2.0,5,3,1,560.0
731,33.900002,45.0,30.0,2.0,1.0,3.0,1.0,11,2,0,265.6
739,30.700001,90.0,0.0,2.0,1.0,3.0,2.0,9,1,1,1730.76
753,28.799999,45.0,0.0,2.0,1.0,3.0,2.0,10,1,1,2884.61
754,32.900002,95.0,6.0,1.0,2.0,3.0,1.0,9,1,1,615.38
757,27.299999,0.0,0.0,1.0,1.0,3.0,1.0,5,6,0,327.25
758,29.4,185.0,0.0,1.0,1.0,3.0,2.0,13,2,1,659.2
760,17.700001,60.0,210.0,2.0,1.0,3.0,1.0,3,3,1,769.23
761,26.4,30.0,10.0,2.0,2.0,3.0,1.0,8,3,1,276.92
771,37.700001,32.0,0.0,1.0,1.0,2.0,1.0,9,2,0,367.5
777,27.200001,60.0,3.0,2.0,1.0,3.0,1.0,9,1,1,940.536575074
778,30.700001,95.0,0.0,1.0,2.0,3.0,2.0,1,4,1,519.23
784,18.1,55.0,0.0,1.0,2.0,3.0,2.0,4,2,0,583.86
788,27.5902193611,180.0,20.0,2.0,2.0,3.0,5.0,9,1,1,940.536575074
795,31.6,150.0,30.0,2.0,1.0,3.0,1.0,10,1,1,923.07
803,20.799999,10.0,120.0,2.0,2.0,3.0,1.0,10,1,1,961.53
814,36.299999,55.0,5.0,2.0,1.0,3.0,1.0,9,1,1,1346.15
816,25.799999,15.0,0.0,2.0,2.0,3.0,1.0,11,2,0,222.0
819,23.799999,60.0,0.0,2.0,1.0,3.0,1.0,5,3,1,650.0
820,24.4,0.0,21.0,2.0,1.0,3.0,2.0,5,3,1,149.15
825,22.200001,40.0,0.0,2.0,1.0,3.0,5.0,4,1,1,2019.23
830,22.700001,120.0,0.0,1.0,2.0,3.0,2.0,9,1,1,1442.3
831,23.6,70.0,230.0,2.0,2.0,3.0,2.0,13,6,1,923.07
846,29.5,15.0,0.0,2.0,2.0,3.0,1.0,10,6,1,525.0
855,25.799999,10.0,0.0,2.0,2.0,1.0,2.0,10,2,0,500.0
857,36.200001,30.0,0.0,1.0,1.0,3.0,1.0,4,6,0,778.0
889,22.700001,18.0,0.0,2.0,2.0,3.0,1.0,8,3,1,225.0
902,25.799999,30.0,30.0,2.0,2.0,3.0,1.0,10,2,0,300.0
911,26.9,210.0,0.0,1.0,2.0,3.0,5.0,1,1,1,940.536575074
921,29.1,180.0,25.0,2.0,2.0,3.0,1.0,9,1,1,1644.23
922,38.0,50.0,135.0,2.0,1.0,3.0,1.0,11,3,1,560.0
931,27.9,38.0,2.0,2.0,1.0,2.0,1.0,11,2,1,72.5
941,30.700001,210.0,0.0,2.0,2.0,3.0,1.0,5,6,1,225.0
950,24.700001,20.0,5.0,1.0,1.0,3.0,1.0,10,2,1,212.2
958,27.299999,60.0,0.0,2.0,1.0,3.0,1.0,10,1,1,2403.84
959,24.299999,75.0,15.0,1.0,1.0,3.0,1.0,12,3,1,170.0
969,21.6,75.0,15.0,2.0,1.0,3.0,1.0,13,1,1,1346.15
979,30.5,0.0,40.0,1.0,1.0,3.0,1.0,5,2,1,2359.2
982,31.5,120.0,0.0,2.0,2.0,3.0,1.0,13,1,1,1307.0
994,31.6,105.0,0.0,1.0,1.0,3.0,2.0,9,6,1,800.0
997,23.700001,238.0,5.0,2.0,1.0,3.0,1.0,4,1,1,1461.53
1005,37.299999,90.0,0.0,2.0,1.0,3.0,1.0,8,3,1,1000.0
1011,22.700001,90.0,0.0,2.0,2.0,3.0,1.0,13,1,1,2500.0
1024,31.6,20.0,0.0,2.0,1.0,3.0,5.0,3,5,0,940.536575074
1033,28.700001,90.0,0.0,2.0,1.0,3.0,1.0,5,3,0,808.0
1044,29.700001,30.0,0.0,2.0,2.0,3.0,1.0,12,3,0,230.76
1048,23.200001,90.0,30.0,2.0,2.0,3.0,1.0,12,1,1,1500.0
1053,27.5902193611,75.0,0.0,1.0,2.0,3.0,2.0,10,6,1,250.0
1069,23.0,140.0,10.0,1.0,2.0,3.0,1.0,11,2,0,380.0
1091,25.1,120.0,0.0,2.0,1.0,3.0,2.0,4,6,1,1300.0
1097,23.700001,0.0,20.0,2.0,1.0,3.0,1.0,12,2,1,700.0
1103,42.599998,10.0,45.0,2.0,1.0,3.0,1.0,5,3,1,2884.61
1105,30.5,15.0,0.0,2.0,2.0,3.0,1.0,12,6,0,300.0
1113,18.799999,145.0,10.0,2.0,1.0,3.0,2.0,11,1,1,940.536575074
1115,32.099998,20.0,4.0,2.0,1.0,3.0,2.0,12,2,1,1730.76
1116,36.599998,30.0,60.0,1.0,2.0,3.0,1.0,13,1,1,692.3
1137,25.0,20.0,0.0,2.0,2.0,3.0,3.0,10,1,1,940.536575074
1145,21.9,20.0,10.0,1.0,1.0,3.0,1.0,12,1,1,1288.46
1157,31.1,45.0,0.0,1.0,2.0,3.0,2.0,8,3,1,800.0
1158,31.200001,90.0,10.0,2.0,1.0,3.0,2.0,9,3,0,423.07
1172,21.799999,90.0,4.0,2.0,2.0,3.0,1.0,10,1,1,1673.07
1178,24.9,60.0,10.0,2.0,2.0,3.0,2.0,5,3,1,600.0
1185,34.0,6.0,3.0,2.0,2.0,3.0,1.0,10,2,0,375.0
1186,54.799999,30.0,320.0,2.0,1.0,3.0,5.0,13,3,1,423.07
1189,24.299999,30.0,0.0,2.0,1.0,3.0,1.0,9,2,0,360.0
1192,23.700001,75.0,0.0,2.0,1.0,3.0,1.0,8,1,1,865.38
1217,25.700001,90.0,0.0,2.0,2.0,1.0,1.0,9,1,0,940.536575074
1219,21.0,180.0,0.0,1.0,2.0,3.0,2.0,3,5,0,300.0
1223,21.299999,40.0,15.0,2.0,1.0,3.0,1.0,9,1,1,2884.61
1226,25.1,180.0,0.0,1.0,1.0,3.0,1.0,3,5,1,940.536575074
1233,25.0,40.0,0.0,2.0,1.0,3.0,1.0,9,1,1,210.0
1239,37.200001,30.0,0.0,1.0,2.0,3.0,1.0,11,2,0,77.0
1246,27.299999,30.0,15.0,2.0,2.0,3.0,1.0,10,1,1,1500.0
1247,28.5,20.0,10.0,1.0,2.0,3.0,1.0,5,3,0,650.0
1257,26.5,0.0,0.0,1.0,2.0,2.0,1.0,12,2,0,1199.0
1269,26.6,90.0,3.0,2.0,1.0,3.0,1.0,4,1,1,2884.61
1273,25.799999,70.0,15.0,2.0,1.0,3.0,1.0,3,3,0,350.0
1332,33.0,25.0,2.0,2.0,1.0,3.0,1.0,6,6,1,1040.0
1337,29.5,75.0,0.0,1.0,2.0,3.0,1.0,3,5,1,940.536575074
1352,41.400002,50.0,0.0,1.0,1.0,3.0,2.0,9,1,1,808.4
1356,19.799999,120.0,0.0,1.0,1.0,3.0,1.0,10,1,1,1153.0
1367,28.1,35.0,5.0,1.0,1.0,3.0,1.0,9,1,1,1000.0
1369,24.700001,35.0,180.0,2.0,1.0,3.0,1.0,5,3,1,1000.0
1387,27.4,15.0,0.0,1.0,2.0,3.0,2.0,12,2,0,90.0
1392,36.900002,80.0,0.0,1.0,1.0,3.0,1.0,3,5,0,940.536575074
1393,38.599998,15.0,15.0,2.0,1.0,3.0,2.0,6,2,1,784.8
1408,30.0,30.0,30.0,2.0,1.0,3.0,1.0,6,1,1,1057.5
1409,27.5902193611,60.0,0.0,2.0,2.0,3.0,1.0,10,1,1,1647.05
1412,20.799999,30.0,0.0,1.0,1.0,3.0,1.0,11,2,0,480.0
1428,29.200001,30.0,0.0,2.0,2.0,3.0,2.0,10,1,1,700.0
1429,29.5,10.0,0.0,1.0,2.0,3.0,1.0,9,1,1,640.0
1431,21.5,15.0,0.0,2.0,2.0,3.0,1.0,5,3,1,697.9
1436,23.700001,90.0,30.0,2.0,2.0,3.0,1.0,6,6,1,940.536575074
1450,23.700001,75.0,10.0,1.0,1.0,3.0,2.0,4,6,1,638.0
1457,47.0,60.0,30.0,1.0,1.0,3.0,2.0,10,2,1,615.38
1463,21.6,60.0,15.0,2.0,2.0,3.0,1.0,10,1,1,1634.61
1466,22.1,30.0,35.0,2.0,1.0,3.0,1.0,10,1,1,1032.0
1467,29.0,50.0,0.0,2.0,1.0,3.0,2.0,10,1,1,1019.23
1486,31.1,30.0,15.0,1.0,1.0,3.0,1.0,4,6,1,851.0
1495,26.6,45.0,10.0,2.0,1.0,3.0,1.0,10,2,1,321.6
1496,35.299999,10.0,30.0,1.0,2.0,3.0,2.0,3,1,0,1900.0
1500,23.200001,100.0,10.0,2.0,1.0,1.0,5.0,10,3,1,500.0
1504,25.799999,30.0,10.0,1.0,1.0,3.0,2.0,1,1,1,940.536575074
1508,29.200001,60.0,30.0,2.0,1.0,3.0,1.0,4,1,1,2188.46
1517,22.799999,75.0,10.0,2.0,1.0,3.0,5.0,8,1,1,1923.07
1518,21.299999,40.0,0.0,2.0,2.0,3.0,1.0,9,1,1,1673.0
1524,27.0,25.0,35.0,2.0,1.0,3.0,2.0,10,1,1,1128.46
1527,33.900002,60.0,10.0,2.0,1.0,3.0,1.0,13,1,0,580.0
1574,23.5,30.0,8.0,2.0,1.0,3.0,1.0,10,1,1,923.07
1579,34.900002,50.0,0.0,2.0,2.0,3.0,2.0,1,4,0,365.38
1593,21.6,110.0,0.0,1.0,2.0,3.0,1.0,9,1,1,400.0
1594,29.299999,60.0,0.0,1.0,1.0,3.0,1.0,9,1,1,832.5
1603,27.0,120.0,0.0,2.0,2.0,3.0,1.0,9,1,1,940.536575074
1609,22.9,50.0,15.0,2.0,1.0,3.0,1.0,5,3,0,190.0
1610,31.5,30.0,15.0,2.0,2.0,3.0,1.0,8,1,1,1153.84
1614,24.200001,30.0,4.0,1.0,1.0,3.0,2.0,12,6,0,940.536575074
1620,27.1,85.0,0.0,1.0,1.0,3.0,1.0,10,1,1,1961.53
1623,22.299999,0.0,65.0,2.0,1.0,3.0,1.0,7,1,1,2360.0
1637,30.4,0.0,30.0,2.0,2.0,3.0,1.0,10,2,1,1060.0
1658,16.4,135.0,0.0,2.0,2.0,3.0,1.0,11,2,0,300.0
1662,32.099998,30.0,40.0,2.0,1.0,3.0,2.0,13,1,1,1250.0
1669,28.1,70.0,0.0,1.0,1.0,2.0,1.0,5,3,0,470.0
1672,24.0,140.0,10.0,2.0,1.0,3.0,1.0,11,3,1,865.38
1680,27.299999,15.0,0.0,1.0,1.0,3.0,1.0,13,3,1,520.0
1690,26.6,15.0,15.0,1.0,1.0,3.0,1.0,10,1,1,1250.0
1692,18.6,65.0,10.0,2.0,2.0,3.0,2.0,10,6,1,440.0
1697,27.1,0.0,45.0,2.0,1.0,3.0,2.0,4,1,1,1428.57
1700,20.9,32.0,0.0,2.0,1.0,3.0,1.0,5,3,0,390.0
1701,19.4,40.0,61.0,1.0,2.0,3.0,5.0,9,2,1,940.536575074
1704,25.1,50.0,2.0,2.0,1.0,3.0,1.0,4,1,1,1576.0
1706,33.0,55.0,5.0,2.0,1.0,3.0,1.0,3,1,1,1292.3
1709,27.5902193611,13.0,0.0,2.0,2.0,3.0,1.0,9,1,1,1307.69
1720,32.5,30.0,0.0,1.0,1.0,3.0,1.0,3,5,1,2200.0
1731,20.4,40.0,0.0,2.0,2.0,3.0,2.0,12,2,0,80.0
1751,30.4,10.0,0.0,1.0,1.0,3.0,2.0,9,2,0,320.0
1752,26.4,75.0,20.0,2.0,1.0,3.0,1.0,10,1,1,2365.38
1783,27.5902193611,105.0,0.0,2.0,1.0,3.0,1.0,5,3,0,480.0
1786,20.799999,48.0,15.0,2.0,1.0,3.0,1.0,5,3,0,163.46
1787,29.5,15.0,30.0,1.0,1.0,3.0,1.0,11,2,0,520.0
1789,24.4,60.0,15.0,2.0,2.0,3.0,2.0,5,3,1,240.0
1806,30.700001,50.0,0.0,2.0,2.0,3.0,1.0,2,1,1,596.0
1810,31.1,0.0,30.0,2.0,1.0,3.0,1.0,10,1,1,795.0
1829,22.5,87.0,5.0,2.0,1.0,2.0,1.0,10,1,1,923.07
1865,22.9,60.0,0.0,1.0,2.0,3.0,1.0,10,1,1,2096.15
1877,19.799999,220.0,0.0,2.0,1.0,3.0,1.0,11,2,1,1250.0
1882,42.900002,12.0,0.0,2.0,1.0,3.0,1.0,9,1,1,650.0
1893,28.4,30.0,30.0,2.0,1.0,3.0,1.0,6,6,1,326.92
1896,32.900002,0.0,0.0,2.0,1.0,3.0,2.0,11,2,1,670.0
1903,30.299999,30.0,3.0,2.0,1.0,3.0,5.0,4,1,1,1000.0
1908,33.299999,20.0,20.0,2.0,1.0,3.0,1.0,4,3,1,759.0
1910,36.900002,45.0,5.0,2.0,2.0,3.0,1.0,8,6,1,961.53
1923,19.299999,130.0,0.0,1.0,2.0,3.0,1.0,6,3,0,940.536575074
1936,39.799999,30.0,22.0,1.0,2.0,3.0,1.0,10,5,1,1666.66
1937,26.6,15.0,30.0,2.0,2.0,3.0,1.0,9,3,1,673.07
1942,19.6,30.0,0.0,2.0,2.0,3.0,1.0,9,1,1,165.55
1948,28.799999,100.0,0.0,2.0,1.0,3.0,2.0,9,3,1,1923.0
1955,24.4,30.0,30.0,1.0,2.0,3.0,1.0,10,1,1,940.536575074
1967,34.400002,98.0,6.0,2.0,2.0,3.0,5.0,12,1,1,821.0
1981,21.700001,40.0,15.0,2.0,1.0,3.0,1.0,9,1,1,2884.61
1993,35.400002,20.0,15.0,2.0,1.0,3.0,1.0,7,1,1,261.0
1995,30.6,50.0,0.0,2.0,1.0,3.0,1.0,13,1,1,949.6
2004,22.200001,55.0,70.0,2.0,1.0,3.0,1.0,10,1,1,1442.3
2006,23.799999,105.0,10.0,1.0,1.0,2.0,1.0,5,6,0,400.0
2007,22.5,180.0,7.0,2.0,1.0,3.0,1.0,1,1,1,1900.0
2025,28.4,50.0,10.0,2.0,1.0,3.0,1.0,6,2,1,1100.0
2035,30.9,70.0,1.0,1.0,1.0,3.0,1.0,10,1,0,1028.17
2043,19.700001,45.0,10.0,2.0,2.0,3.0,1.0,10,1,1,760.0
2046,47.400002,85.0,10.0,2.0,1.0,3.0,1.0,10,1,1,923.07
2048,50.099998,120.0,15.0,1.0,2.0,3.0,2.0,10,1,1,961.53
2057,23.0,30.0,0.0,2.0,1.0,3.0,1.0,10,1,1,750.0
2062,28.700001,60.0,0.0,1.0,2.0,3.0,1.0,1,1,1,940.536575074
2071,25.799999,45.0,0.0,2.0,2.0,3.0,1.0,13,1,1,1192.3
2072,24.799999,0.0,5.0,2.0,2.0,3.0,5.0,13,2,0,300.0
2085,18.9,60.0,5.0,2.0,1.0,3.0,1.0,10,1,1,2038.46
2088,21.0,15.0,0.0,1.0,1.0,3.0,5.0,9,3,1,437.5
2095,27.5,65.0,5.0,2.0,1.0,3.0,1.0,10,1,1,1346.15
2099,20.4,120.0,10.0,2.0,1.0,3.0,1.0,9,1,1,1038.46
2104,22.9,130.0,0.0,2.0,1.0,3.0,3.0,5,6,1,670.0
2122,19.1,135.0,0.0,2.0,2.0,3.0,1.0,4,1,1,2307.69
2128,36.400002,45.0,0.0,2.0,1.0,3.0,2.0,10,1,1,442.3
2131,34.299999,60.0,5.0,2.0,1.0,3.0,1.0,11,1,1,1826.92
2138,18.200001,0.0,10.0,2.0,1.0,3.0,1.0,10,2,1,560.0
2141,36.900002,0.0,60.0,2.0,1.0,3.0,1.0,2,5,1,1960.0
2152,22.6,30.0,15.0,2.0,2.0,3.0,1.0,8,5,1,1038.46
2153,27.9,110.0,2.0,2.0,0.0,3.0,1.0,7,1,1,653.84
2155,22.6,60.0,10.0,2.0,2.0,3.0,1.0,11,1,1,730.76
2160,32.599998,30.0,30.0,1.0,1.0,3.0,2.0,9,3,0,580.0
2170,23.200001,70.0,0.0,1.0,2.0,3.0,2.0,10,2,0,439.6
2180,33.5,35.0,10.0,1.0,1.0,3.0,2.0,10,1,1,645.0
2186,22.0,175.0,10.0,2.0,2.0,3.0,1.0,11,2,0,156.0
2188,27.5902193611,30.0,575.0,1.0,2.0,3.0,2.0,6,1,1,961.53
2194,25.6,25.0,0.0,2.0,2.0,3.0,1.0,12,2,1,940.536575074
2203,27.299999,50.0,15.0,2.0,1.0,3.0,1.0,4,5,1,2250.0
2205,27.5902193611,90.0,0.0,2.0,2.0,2.0,1.0,10,1,0,940.536575074
2214,37.299999,150.0,165.0,1.0,1.0,3.0,1.0,12,3,1,1442.3
2215,23.9,30.0,15.0,1.0,1.0,3.0,2.0,8,3,1,253.75
2229,27.5902193611,65.0,10.0,2.0,2.0,3.0,1.0,8,3,0,940.536575074
2258,35.599998,75.0,2.0,1.0,1.0,3.0,1.0,9,1,1,2884.61
2266,27.5902193611,100.0,3.0,1.0,1.0,3.0,1.0,8,3,1,761.0
2275,25.1,0.0,135.0,1.0,2.0,3.0,1.0,4,5,1,1100.0
2285,29.799999,20.0,350.0,1.0,1.0,3.0,2.0,5,3,1,576.92
2295,29.200001,90.0,0.0,2.0,2.0,3.0,1.0,10,1,1,826.92
2296,27.5,65.0,15.0,2.0,1.0,3.0,1.0,8,3,1,940.536575074
2297,20.4,40.0,5.0,2.0,2.0,3.0,1.0,12,1,1,1346.15
2298,23.0,130.0,0.0,1.0,1.0,3.0,1.0,4,1,1,2307.0
2304,29.0,60.0,10.0,2.0,1.0,3.0,1.0,13,2,1,1057.69
2308,24.1,30.0,0.0,2.0,1.0,2.0,1.0,3,1,1,1519.23
2312,24.9,180.0,0.0,2.0,2.0,3.0,1.0,5,1,1,692.3
2316,21.9,80.0,5.0,2.0,1.0,3.0,1.0,13,1,1,1214.57
2321,32.200001,65.0,0.0,1.0,2.0,3.0,1.0,4,6,0,450.0
2325,32.299999,75.0,0.0,2.0,1.0,3.0,1.0,8,1,1,1280.0
2330,20.5,60.0,0.0,2.0,1.0,3.0,1.0,1,4,1,940.536575074
2338,28.700001,90.0,6.0,1.0,1.0,3.0,1.0,9,2,1,0.0
2347,23.200001,80.0,15.0,2.0,2.0,3.0,1.0,10,3,1,596.15
2348,27.4,0.0,15.0,1.0,1.0,3.0,2.0,5,3,0,185.0
2361,31.0,30.0,10.0,2.0,1.0,3.0,1.0,4,1,1,1750.0
2369,25.200001,3.0,3.0,1.0,1.0,3.0,1.0,10,2,1,669.23
2376,23.700001,50.0,0.0,2.0,2.0,3.0,2.0,9,1,1,1665.0
2380,35.900002,75.0,20.0,2.0,1.0,3.0,2.0,10,1,0,653.84
2387,33.299999,45.0,30.0,1.0,1.0,3.0,1.0,13,1,1,450.0
2396,22.799999,65.0,15.0,2.0,1.0,3.0,2.0,10,1,1,884.61
2411,27.1,35.0,30.0,1.0,1.0,3.0,1.0,10,3,0,155.0
2413,27.4,75.0,10.0,2.0,1.0,3.0,1.0,9,1,1,1923.07
2419,30.299999,75.0,0.0,1.0,1.0,3.0,1.0,12,2,0,100.0
2431,31.200001,20.0,0.0,2.0,2.0,2.0,1.0,4,6,0,268.8
2432,24.6,45.0,90.0,2.0,2.0,3.0,1.0,10,1,1,810.3
2433,27.6,65.0,0.0,2.0,1.0,3.0,1.0,4,6,1,837.66
2438,27.5,15.0,10.0,1.0,2.0,3.0,1.0,10,3,0,940.536575074
2440,27.5902193611,0.0,0.0,2.0,1.0,3.0,2.0,4,1,1,1050.0
2444,29.200001,15.0,0.0,2.0,2.0,3.0,3.0,12,5,1,826.92
2448,27.5902193611,90.0,0.0,2.0,1.0,3.0,1.0,9,1,1,692.3
2453,24.9,40.0,5.0,2.0,2.0,3.0,4.0,4,6,1,480.0
2464,26.6,20.0,0.0,2.0,1.0,1.0,1.0,10,2,0,520.0
2489,27.5,50.0,10.0,2.0,1.0,3.0,1.0,10,1,1,1449.19
2492,31.9,3.0,0.0,1.0,1.0,3.0,1.0,3,5,1,850.0
2497,34.5,20.0,0.0,2.0,2.0,3.0,1.0,4,1,1,769.23
2500,27.5902193611,60.0,0.0,2.0,2.0,3.0,1.0,12,3,1,538.46
2502,29.299999,60.0,5.0,1.0,1.0,3.0,2.0,10,3,1,680.0
2504,20.799999,45.0,5.0,2.0,1.0,3.0,1.0,12,2,0,940.536575074
2508,32.5,40.0,3.0,1.0,1.0,3.0,1.0,5,2,0,414.4
2510,27.5902193611,135.0,30.0,2.0,1.0,3.0,1.0,10,1,0,1000.0
2511,29.0,15.0,5.0,2.0,1.0,3.0,1.0,13,2,1,715.38
2524,18.5,120.0,0.0,1.0,1.0,3.0,2.0,12,2,1,346.0
2526,27.200001,90.0,0.0,2.0,1.0,3.0,5.0,13,3,1,638.8
2534,24.5,20.0,15.0,2.0,1.0,3.0,1.0,10,1,0,940.536575074
2536,25.799999,35.0,15.0,1.0,1.0,3.0,1.0,9,2,0,250.0
2538,31.1,30.0,0.0,1.0,2.0,3.0,1.0,10,3,1,375.0
2544,24.0,30.0,35.0,1.0,1.0,3.0,1.0,3,1,1,1600.0
2547,24.4,45.0,10.0,2.0,1.0,3.0,2.0,8,1,1,826.92
2553,24.700001,30.0,141.0,2.0,2.0,3.0,1.0,8,1,1,1192.3
2562,31.9,75.0,0.0,2.0,1.0,3.0,1.0,13,3,1,471.6
2569,22.5,55.0,4.0,1.0,1.0,3.0,2.0,4,6,0,500.0
2588,30.299999,45.0,11.0,2.0,1.0,3.0,2.0,4,5,1,1075.0
2626,31.9,100.0,0.0,1.0,1.0,3.0,1.0,5,3,1,1057.69
2651,30.200001,7.0,10.0,1.0,2.0,3.0,2.0,3,5,1,1000.0
2652,39.200001,44.0,0.0,1.0,2.0,3.0,4.0,12,3,1,288.46
2659,27.0,30.0,0.0,2.0,2.0,3.0,1.0,9,1,0,940.536575074
2701,21.4,30.0,25.0,1.0,1.0,3.0,2.0,8,1,1,1250.0
2716,31.6,20.0,30.0,1.0,1.0,3.0,3.0,10,1,1,380.76
2724,30.0,5.0,20.0,1.0,1.0,3.0,3.0,9,1,1,1500.0
2726,24.0,30.0,10.0,1.0,1.0,3.0,2.0,13,1,1,1057.69
2730,33.799999,105.0,3.0,2.0,1.0,3.0,1.0,5,3,1,800.0
2731,34.299999,15.0,10.0,2.0,2.0,3.0,1.0,6,2,1,300.0
2732,28.700001,15.0,0.0,2.0,2.0,3.0,1.0,10,1,1,1048.07
2734,21.9,30.0,15.0,2.0,2.0,3.0,2.0,13,2,0,880.0
2736,25.1,150.0,0.0,2.0,2.0,3.0,1.0,13,1,1,1720.0
2741,37.799999,30.0,20.0,2.0,2.0,3.0,2.0,10,1,0,240.0
2742,22.6,30.0,0.0,2.0,1.0,3.0,2.0,4,6,1,600.0
2744,25.799999,55.0,0.0,2.0,1.0,3.0,1.0,4,3,1,2000.0
2747,25.1,175.0,0.0,2.0,2.0,3.0,1.0,1,1,1,940.536575074
2754,27.200001,32.0,0.0,1.0,1.0,3.0,1.0,8,3,0,940.536575074
2757,31.799999,30.0,8.0,2.0,2.0,3.0,1.0,6,6,1,683.2
2766,22.700001,120.0,2.0,2.0,1.0,3.0,2.0,5,1,1,940.536575074
2770,28.799999,25.0,2.0,2.0,1.0,3.0,1.0,10,2,0,718.0
2780,23.700001,60.0,0.0,2.0,2.0,3.0,1.0,4,4,1,1288.46
2781,21.6,55.0,10.0,2.0,1.0,3.0,1.0,8,1,1,2211.53
2797,22.6,30.0,10.0,1.0,2.0,3.0,1.0,8,3,0,1000.0
2805,23.700001,60.0,20.0,1.0,1.0,3.0,1.0,10,2,1,769.23
2806,28.0,60.0,10.0,2.0,1.0,3.0,1.0,3,5,1,168.0
2807,41.5,80.0,8.0,2.0,1.0,3.0,1.0,12,1,1,1153.84
2809,36.599998,135.0,17.0,1.0,1.0,3.0,1.0,11,3,1,225.0
2814,24.799999,120.0,0.0,2.0,1.0,3.0,2.0,5,1,1,520.0
2821,27.5902193611,25.0,20.0,2.0,1.0,3.0,2.0,13,3,1,2884.61
2826,30.700001,60.0,0.0,2.0,2.0,3.0,1.0,10,2,0,175.2
2844,25.1,10.0,0.0,1.0,2.0,3.0,2.0,4,6,1,876.8
2845,34.900002,0.0,30.0,1.0,1.0,3.0,1.0,10,1,1,1200.0
2850,25.0,40.0,30.0,2.0,2.0,3.0,1.0,10,1,1,1887.5
2879,28.299999,45.0,2.0,1.0,1.0,3.0,1.0,1,4,0,323.07
2887,26.6,90.0,60.0,2.0,2.0,3.0,5.0,10,1,1,623.07
2918,24.9,60.0,0.0,1.0,2.0,3.0,1.0,1,1,0,940.536575074
2919,27.5902193611,100.0,0.0,1.0,1.0,2.0,2.0,4,6,0,480.0
2932,24.6,11.0,11.0,2.0,1.0,3.0,2.0,8,3,1,601.75
2949,26.5,30.0,0.0,2.0,2.0,3.0,1.0,5,5,0,240.0
2968,18.299999,50.0,10.0,1.0,2.0,2.0,5.0,11,3,0,480.0
2978,30.0,90.0,0.0,2.0,1.0,3.0,2.0,10,2,1,557.69
2989,28.700001,65.0,60.0,2.0,1.0,1.0,1.0,9,1,1,940.536575074
2991,35.400002,30.0,15.0,2.0,2.0,3.0,1.0,8,1,1,538.0
2998,21.9,0.0,155.0,2.0,1.0,3.0,1.0,9,1,1,1730.76
3005,27.6,80.0,0.0,2.0,1.0,3.0,1.0,10,1,0,450.0
3012,25.299999,30.0,0.0,2.0,1.0,3.0,1.0,13,1,1,2884.61
3020,20.700001,25.0,30.0,2.0,2.0,3.0,1.0,9,1,1,865.38
3021,22.299999,50.0,15.0,2.0,1.0,3.0,2.0,5,1,1,680.0
3032,20.6,0.0,40.0,2.0,2.0,3.0,1.0,4,3,1,1057.69
3037,25.799999,30.0,210.0,1.0,1.0,3.0,2.0,7,1,1,1009.0
3040,25.4,40.0,3.0,2.0,2.0,3.0,1.0,12,2,1,240.0
3043,22.1,75.0,0.0,2.0,1.0,3.0,1.0,10,1,1,2211.53
3046,19.0,45.0,10.0,2.0,2.0,3.0,3.0,10,1,1,2057.69
3053,21.299999,75.0,0.0,2.0,2.0,3.0,1.0,11,1,1,750.0
3054,25.4,20.0,10.0,1.0,1.0,3.0,2.0,10,3,1,941.4
3061,36.599998,70.0,4.0,2.0,1.0,3.0,1.0,8,1,1,900.0
3067,25.5,310.0,0.0,2.0,1.0,3.0,2.0,7,1,1,940.536575074
3097,47.400002,30.0,45.0,1.0,1.0,3.0,1.0,9,3,0,400.0
3101,29.0,75.0,0.0,1.0,1.0,2.0,1.0,8,2,0,583.6
3116,28.299999,30.0,0.0,1.0,1.0,2.0,2.0,10,2,0,315.0
3118,40.299999,45.0,5.0,1.0,1.0,3.0,1.0,9,5,0,600.0
3130,21.6,20.0,0.0,2.0,1.0,3.0,2.0,13,3,1,831.0
3140,20.200001,30.0,60.0,2.0,1.0,3.0,1.0,4,1,1,826.0
3154,32.299999,30.0,10.0,2.0,1.0,3.0,1.0,10,1,1,1711.53
3162,29.200001,75.0,20.0,2.0,1.0,3.0,1.0,10,1,1,730.76
3163,29.799999,30.0,0.0,2.0,1.0,3.0,1.0,3,1,1,940.536575074
3164,27.299999,40.0,10.0,2.0,1.0,3.0,1.0,9,1,1,1442.3
3171,30.700001,120.0,0.0,2.0,2.0,3.0,1.0,3,1,1,2211.53
3180,25.799999,90.0,0.0,2.0,1.0,2.0,1.0,5,1,1,420.0
3187,28.1,30.0,0.0,1.0,2.0,2.0,1.0,10,2,0,326.92
3189,37.299999,90.0,0.0,2.0,1.0,3.0,1.0,12,1,1,940.536575074
3204,27.5902193611,60.0,0.0,1.0,1.0,3.0,2.0,9,1,0,575.0
3213,26.5,27.0,0.0,2.0,1.0,3.0,1.0,12,2,1,1150.0
3217,24.6,60.0,30.0,2.0,1.0,3.0,2.0,9,1,1,769.23
3245,25.700001,30.0,0.0,2.0,1.0,3.0,1.0,13,2,1,1280.0
3254,35.700001,80.0,10.0,1.0,1.0,3.0,1.0,9,2,0,940.536575074
3264,27.5902193611,20.0,10.0,1.0,1.0,3.0,2.0,4,6,0,425.0
3266,24.0,30.0,15.0,2.0,1.0,3.0,1.0,6,3,1,1346.15
3284,31.6,10.0,30.0,2.0,2.0,3.0,5.0,6,6,1,1538.0
3301,31.200001,90.0,2.0,2.0,1.0,3.0,1.0,9,1,1,940.536575074
3303,21.1,75.0,0.0,1.0,2.0,3.0,1.0,4,1,1,442.0
3310,21.5,30.0,25.0,2.0,1.0,3.0,1.0,10,1,1,1760.0
3319,23.700001,15.0,10.0,2.0,1.0,3.0,1.0,13,2,1,860.0
3322,20.799999,150.0,0.0,2.0,2.0,3.0,1.0,10,1,1,1346.15
3328,27.5902193611,180.0,0.0,2.0,1.0,1.0,1.0,5,1,0,1800.0
3331,36.5,0.0,694.0,1.0,1.0,3.0,1.0,4,3,1,600.0
3334,23.1,40.0,0.0,2.0,1.0,3.0,1.0,5,6,1,840.0
3344,30.0,60.0,60.0,2.0,1.0,3.0,1.0,13,1,1,1615.38
3345,30.799999,90.0,0.0,1.0,1.0,3.0,1.0,13,1,1,1250.0
3347,23.200001,20.0,40.0,2.0,2.0,3.0,1.0,5,3,1,940.536575074
3354,32.200001,30.0,0.0,2.0,1.0,3.0,1.0,4,5,1,2469.04
3356,28.299999,10.0,50.0,1.0,1.0,3.0,1.0,9,1,1,345.0
3360,22.299999,90.0,25.0,1.0,1.0,3.0,2.0,11,2,0,200.0
3366,22.6,30.0,20.0,2.0,2.0,3.0,1.0,10,1,1,1230.76
3370,22.799999,80.0,15.0,2.0,2.0,3.0,1.0,10,1,1,807.69
3371,17.4,30.0,27.0,2.0,1.0,3.0,1.0,11,1,0,400.0
3374,26.6,75.0,0.0,2.0,1.0,3.0,1.0,8,1,0,940.536575074
3414,29.299999,30.0,18.0,2.0,1.0,3.0,1.0,9,1,1,730.76
3424,26.6,45.0,30.0,2.0,1.0,3.0,1.0,12,1,1,1153.84
3428,26.299999,10.0,20.0,1.0,1.0,3.0,1.0,10,1,1,1080.0
3431,50.799999,65.0,0.0,1.0,1.0,3.0,5.0,8,1,1,865.38
3432,25.799999,170.0,0.0,2.0,1.0,1.0,1.0,4,6,0,666.0
3439,29.1,135.0,0.0,2.0,2.0,3.0,1.0,9,1,1,940.536575074
3440,22.5,60.0,0.0,2.0,1.0,3.0,1.0,9,1,1,1923.07
3443,27.299999,31.0,3.0,2.0,2.0,3.0,1.0,11,2,1,295.5
3447,24.4,30.0,0.0,2.0,2.0,3.0,2.0,7,1,1,950.0
3450,28.799999,150.0,10.0,1.0,1.0,0.0,2.0,9,2,0,250.0
3461,23.0,60.0,10.0,2.0,2.0,3.0,1.0,10,2,0,940.536575074
3473,24.0,80.0,5.0,2.0,1.0,3.0,1.0,4,6,1,940.536575074
3488,38.099998,75.0,25.0,1.0,1.0,3.0,5.0,3,5,0,650.0
3490,39.900002,0.0,120.0,2.0,2.0,3.0,5.0,9,1,1,600.0
3497,25.799999,80.0,0.0,2.0,2.0,3.0,1.0,5,3,1,625.0
3506,25.799999,100.0,0.0,1.0,1.0,3.0,1.0,8,3,1,940.536575074
3507,34.900002,30.0,60.0,2.0,1.0,3.0,1.0,8,1,1,900.0
3508,25.0,25.0,0.0,2.0,2.0,3.0,2.0,12,2,0,400.0
3509,23.6,30.0,160.0,2.0,1.0,3.0,2.0,9,3,0,1057.69
3515,23.299999,70.0,0.0,2.0,2.0,3.0,1.0,8,3,1,200.0
3516,23.9,65.0,0.0,2.0,1.0,3.0,1.0,10,1,0,403.84
3523,26.6,50.0,12.0,2.0,1.0,3.0,1.0,9,6,1,500.0
3532,30.799999,120.0,0.0,2.0,1.0,3.0,1.0,13,2,1,1605.76
3533,26.1,15.0,15.0,2.0,1.0,3.0,1.0,4,1,1,880.0
3537,46.900002,65.0,0.0,1.0,2.0,3.0,1.0,10,2,0,90.0
3553,27.4,5.0,7.0,1.0,1.0,3.0,1.0,7,1,1,1442.3
3555,25.1,90.0,10.0,2.0,2.0,3.0,1.0,12,1,1,519.23
3557,27.5902193611,65.0,6.0,2.0,1.0,1.0,1.0,9,1,0,360.0
3560,45.700001,60.0,20.0,2.0,2.0,3.0,1.0,4,1,1,326.92
3565,25.4,60.0,0.0,2.0,1.0,3.0,1.0,10,1,1,673.07
3587,26.6,45.0,0.0,2.0,1.0,3.0,1.0,10,1,0,1307.69
3593,27.5902193611,30.0,0.0,1.0,2.0,3.0,5.0,4,5,1,812.0
3637,21.0,45.0,10.0,2.0,1.0,3.0,2.0,4,1,1,1346.15
3638,26.6,45.0,10.0,1.0,1.0,3.0,2.0,5,3,0,300.0
3639,26.1,15.0,30.0,2.0,1.0,3.0,1.0,4,1,1,940.536575074
3643,32.5,30.0,0.0,2.0,1.0,3.0,1.0,13,3,1,920.0
3658,35.900002,60.0,250.0,2.0,1.0,3.0,2.0,10,1,1,615.38
3670,21.5,120.0,0.0,2.0,1.0,3.0,2.0,10,1,0,425.0
3673,31.299999,79.0,0.0,2.0,1.0,3.0,1.0,9,3,0,440.0
3695,44.599998,85.0,0.0,2.0,1.0,3.0,1.0,9,1,1,1192.3
3696,23.700001,90.0,0.0,2.0,2.0,3.0,4.0,4,1,1,940.536575074
3704,26.9,90.0,0.0,2.0,2.0,2.0,1.0,5,2,0,160.0
3710,23.6,30.0,0.0,1.0,1.0,3.0,1.0,6,1,1,940.536575074
3742,27.6,48.0,5.0,2.0,1.0,3.0,1.0,8,1,1,1250.0
3752,30.5,90.0,0.0,2.0,2.0,3.0,1.0,5,5,1,667.5
3763,23.0,45.0,13.0,2.0,1.0,3.0,2.0,10,1,1,2375.0
3764,29.9,75.0,300.0,2.0,1.0,1.0,5.0,11,2,1,900.0
3766,57.200001,90.0,5.0,2.0,1.0,3.0,1.0,2,6,1,1615.38
3776,37.299999,60.0,0.0,2.0,1.0,3.0,2.0,4,6,1,866.25
3793,29.5,30.0,30.0,1.0,1.0,3.0,2.0,5,3,1,750.0
3794,23.5,70.0,0.0,2.0,2.0,3.0,1.0,10,1,1,865.38
3805,31.4,20.0,15.0,2.0,1.0,3.0,5.0,13,2,1,865.38
3807,22.299999,220.0,10.0,2.0,1.0,3.0,1.0,9,1,1,1712.5
3838,22.799999,25.0,18.0,1.0,2.0,3.0,1.0,5,3,1,769.23
3839,32.799999,60.0,0.0,1.0,1.0,3.0,5.0,9,3,1,1115.38
3869,56.599998,15.0,120.0,1.0,1.0,3.0,1.0,12,2,0,940.536575074
3892,25.1,20.0,15.0,2.0,2.0,3.0,1.0,5,3,1,865.38
3903,25.700001,30.0,90.0,2.0,2.0,3.0,1.0,10,1,1,557.69
3904,25.1,5.0,30.0,2.0,1.0,1.0,2.0,11,1,1,2403.84
3910,44.299999,95.0,15.0,1.0,1.0,3.0,1.0,13,1,1,2038.46
3912,21.5,90.0,10.0,2.0,1.0,3.0,2.0,4,6,1,750.0
3915,30.9,90.0,15.0,1.0,1.0,3.0,1.0,6,1,0,807.69
3920,22.200001,1.0,12.0,2.0,2.0,3.0,1.0,6,2,1,756.0
3923,40.299999,10.0,15.0,1.0,1.0,3.0,1.0,10,1,1,807.69
3931,33.799999,20.0,20.0,2.0,2.0,3.0,1.0,10,6,0,401.6
3932,28.0,105.0,4.0,2.0,2.0,3.0,1.0,8,1,1,2307.69
3939,30.299999,60.0,2.0,2.0,1.0,3.0,2.0,10,5,1,450.0
3941,35.400002,40.0,3.0,1.0,1.0,3.0,1.0,10,1,1,884.61
3943,19.1,40.0,0.0,2.0,1.0,3.0,2.0,12,1,1,961.53
3949,27.5902193611,80.0,5.0,2.0,2.0,3.0,2.0,10,1,1,1019.23
3952,18.299999,120.0,0.0,1.0,1.0,3.0,1.0,5,3,0,546.0
3959,26.5,20.0,40.0,2.0,1.0,3.0,1.0,10,1,1,530.76
3964,32.099998,35.0,20.0,1.0,1.0,2.0,2.0,4,3,0,403.84
3965,26.6,60.0,0.0,1.0,2.0,3.0,1.0,11,2,1,96.0
3986,33.900002,45.0,50.0,1.0,1.0,3.0,1.0,10,2,0,444.8
3998,30.700001,220.0,0.0,1.0,1.0,3.0,1.0,1,1,1,940.536575074
4006,22.299999,90.0,65.0,2.0,1.0,3.0,1.0,8,3,1,2884.61
4036,23.5,30.0,0.0,2.0,1.0,3.0,1.0,11,1,1,940.536575074
4045,27.5902193611,15.0,0.0,1.0,1.0,3.0,1.0,13,3,1,700.0
4049,28.700001,60.0,45.0,1.0,2.0,3.0,1.0,10,2,0,625.0
4052,27.5902193611,65.0,0.0,2.0,2.0,3.0,1.0,10,1,1,423.07
4090,19.799999,75.0,0.0,1.0,1.0,3.0,1.0,10,2,1,460.0
4099,24.4,120.0,0.0,2.0,1.0,3.0,1.0,9,1,1,576.92
4102,24.9,90.0,0.0,2.0,1.0,3.0,1.0,10,1,1,1153.0
4105,19.0,10.0,40.0,2.0,1.0,3.0,1.0,5,3,1,673.07
4115,25.799999,15.0,765.0,1.0,1.0,3.0,1.0,5,3,1,690.0
4140,27.0,20.0,10.0,2.0,1.0,3.0,1.0,6,5,1,1005.2
4158,25.799999,15.0,3.0,1.0,1.0,3.0,3.0,3,5,1,1525.0
4162,22.1,120.0,5.0,1.0,1.0,3.0,1.0,5,1,1,1461.53
4164,28.299999,80.0,20.0,2.0,1.0,3.0,1.0,13,1,1,1423.07
4166,25.700001,180.0,0.0,1.0,2.0,3.0,1.0,10,1,1,2039.04
4168,20.6,150.0,0.0,2.0,1.0,3.0,1.0,10,3,0,682.8
4175,20.0,50.0,10.0,2.0,2.0,3.0,1.0,10,1,1,230.76
4181,22.4,45.0,25.0,1.0,1.0,3.0,1.0,13,1,1,1923.07
4182,29.299999,30.0,10.0,2.0,2.0,3.0,1.0,7,1,0,576.92
4187,23.6,45.0,0.0,2.0,1.0,3.0,1.0,8,3,1,1923.07
4203,23.6,95.0,0.0,2.0,1.0,3.0,1.0,9,2,1,940.536575074
4205,19.799999,0.0,5.0,1.0,2.0,3.0,1.0,5,3,0,384.61
4206,36.900002,10.0,0.0,1.0,1.0,3.0,1.0,4,1,1,1352.0
4214,28.299999,85.0,60.0,2.0,2.0,3.0,1.0,5,3,1,100.0
4215,20.1,190.0,21.0,2.0,2.0,3.0,1.0,10,1,0,442.3
4219,25.799999,25.0,0.0,2.0,1.0,3.0,1.0,9,1,1,2730.0
4233,18.0,76.0,21.0,2.0,2.0,3.0,1.0,5,3,0,80.0
4235,34.0,0.0,20.0,2.0,1.0,3.0,1.0,10,1,1,1076.92
4257,26.6,50.0,40.0,2.0,2.0,3.0,1.0,10,1,1,1288.46
4258,25.1,255.0,0.0,2.0,1.0,3.0,1.0,8,1,1,2884.61
4274,27.799999,95.0,1.0,2.0,1.0,3.0,1.0,10,1,1,940.536575074
4275,29.9,45.0,0.0,1.0,1.0,3.0,2.0,5,3,1,600.0
4281,27.4,100.0,10.0,2.0,1.0,3.0,1.0,5,3,1,769.23
4282,26.5,60.0,40.0,1.0,1.0,3.0,1.0,3,1,1,1153.84
4294,38.700001,90.0,10.0,2.0,1.0,3.0,1.0,10,1,1,1153.84
4297,27.5902193611,80.0,0.0,2.0,1.0,3.0,1.0,8,1,1,1461.53
4312,27.5,50.0,10.0,2.0,1.0,3.0,1.0,10,1,1,450.0
4319,20.299999,350.0,30.0,1.0,2.0,3.0,1.0,8,3,1,940.536575074
4323,26.1,90.0,0.0,2.0,2.0,3.0,1.0,8,1,1,796.74
4328,31.9,70.0,0.0,2.0,2.0,3.0,1.0,9,5,1,520.0
4335,27.5902193611,15.0,5.0,1.0,2.0,3.0,1.0,4,6,0,320.0
4342,29.200001,40.0,5.0,2.0,1.0,3.0,1.0,4,3,1,721.15
4348,24.200001,10.0,0.0,2.0,1.0,3.0,1.0,9,1,1,2307.69
4355,25.799999,90.0,60.0,2.0,1.0,3.0,1.0,5,3,0,288.46
4362,25.6,45.0,5.0,1.0,2.0,3.0,2.0,9,2,0,420.0
4382,29.0,35.0,0.0,2.0,1.0,3.0,3.0,9,1,1,940.536575074
4383,27.4,60.0,0.0,1.0,1.0,3.0,1.0,9,3,1,481.6
4415,32.0,50.0,10.0,2.0,2.0,2.0,1.0,10,1,1,400.0
4417,31.299999,10.0,0.0,2.0,0.0,3.0,1.0,12,2,0,96.0
4433,24.299999,2.0,30.0,2.0,2.0,3.0,1.0,12,1,1,750.0
4434,32.5,10.0,0.0,1.0,1.0,3.0,1.0,1,1,1,940.536575074
4439,22.6,85.0,0.0,2.0,1.0,3.0,1.0,8,3,1,1634.61
4440,26.200001,140.0,5.0,2.0,1.0,3.0,1.0,4,1,1,1980.76
4450,31.0,110.0,0.0,1.0,2.0,3.0,5.0,11,6,0,250.0
4453,27.5902193611,45.0,10.0,1.0,2.0,3.0,2.0,9,2,1,150.0
4464,33.700001,90.0,0.0,1.0,1.0,3.0,2.0,6,6,1,787.5
4465,23.0,135.0,15.0,2.0,1.0,3.0,1.0,9,1,1,1240.38
4467,31.299999,60.0,0.0,1.0,1.0,3.0,1.0,4,6,0,497.0
4482,21.5,60.0,0.0,2.0,2.0,3.0,1.0,11,2,1,556.0
4488,28.200001,70.0,30.0,2.0,1.0,3.0,3.0,7,1,1,1120.0
4489,26.6,90.0,5.0,2.0,2.0,3.0,1.0,8,1,0,940.536575074
4490,47.5,50.0,0.0,2.0,2.0,3.0,3.0,12,1,1,997.5
4494,26.5,150.0,0.0,2.0,1.0,3.0,1.0,3,1,1,1884.61
4498,27.5,60.0,20.0,2.0,1.0,3.0,2.0,9,2,0,940.536575074
4505,53.099998,25.0,10.0,1.0,1.0,2.0,1.0,10,2,0,200.0
4507,25.0,41.0,0.0,2.0,2.0,3.0,1.0,11,6,0,29.0
4531,28.299999,90.0,5.0,2.0,2.0,3.0,1.0,10,1,1,1333.33
4539,23.700001,40.0,13.0,2.0,1.0,3.0,2.0,3,5,0,940.536575074
4550,29.700001,60.0,0.0,1.0,1.0,3.0,1.0,9,1,0,238.0
4553,24.4,300.0,10.0,2.0,1.0,3.0,1.0,6,1,1,1000.0
4559,35.900002,30.0,20.0,2.0,2.0,3.0,1.0,9,1,1,940.536575074
4561,26.299999,100.0,10.0,2.0,1.0,3.0,2.0,4,6,1,208.0
4568,37.0,0.0,45.0,2.0,1.0,3.0,2.0,10,1,1,942.3
4573,32.099998,120.0,0.0,2.0,1.0,3.0,1.0,10,1,1,1200.0
4582,24.700001,15.0,5.0,2.0,2.0,2.0,1.0,12,3,1,1538.46
4583,21.1,50.0,20.0,1.0,1.0,3.0,2.0,6,6,1,550.0
4590,22.6,25.0,3.0,2.0,1.0,3.0,1.0,11,1,0,673.07
4591,23.4,35.0,30.0,2.0,1.0,3.0,1.0,2,1,1,1288.46
4595,28.700001,30.0,4.0,2.0,1.0,3.0,2.0,10,1,1,1192.3
4633,26.6,120.0,0.0,1.0,2.0,3.0,1.0,8,1,1,1115.38
4634,36.299999,45.0,0.0,1.0,1.0,3.0,1.0,13,2,1,1673.07
4642,28.200001,50.0,0.0,1.0,2.0,3.0,1.0,5,3,1,605.5
4646,25.1,25.0,20.0,2.0,2.0,3.0,5.0,13,1,1,961.53
4655,32.799999,15.0,30.0,1.0,2.0,3.0,1.0,9,1,1,925.0
4657,22.299999,100.0,0.0,2.0,2.0,3.0,1.0,13,5,1,1101.6
4670,27.299999,45.0,0.0,2.0,1.0,3.0,1.0,11,2,1,369.23
4674,23.1,115.0,37.0,2.0,1.0,3.0,1.0,8,3,1,940.536575074
4694,23.700001,110.0,0.0,2.0,1.0,3.0,1.0,7,3,1,1153.84
4710,25.4,10.0,40.0,2.0,2.0,3.0,1.0,10,1,1,500.0
4711,23.0,30.0,0.0,2.0,2.0,3.0,1.0,11,2,0,300.0
4719,28.700001,50.0,5.0,2.0,2.0,3.0,2.0,13,3,1,331.6
4736,28.299999,95.0,3.0,1.0,2.0,3.0,1.0,10,1,1,1211.53
4737,31.1,170.0,15.0,2.0,2.0,3.0,1.0,9,1,1,940.536575074
4754,32.900002,50.0,15.0,2.0,1.0,3.0,1.0,5,3,0,230.76
4760,25.799999,180.0,10.0,2.0,2.0,3.0,1.0,10,1,1,846.15
4768,32.700001,40.0,10.0,2.0,1.0,3.0,2.0,7,3,0,545.5
4771,27.4,15.0,20.0,2.0,1.0,2.0,1.0,11,2,1,650.0
4774,23.4,40.0,0.0,1.0,2.0,3.0,1.0,5,3,0,340.0
4804,22.4,75.0,0.0,1.0,2.0,3.0,2.0,3,5,0,940.536575074
4815,28.1,60.0,10.0,2.0,1.0,3.0,1.0,5,3,0,384.0
4821,23.1,45.0,25.0,2.0,1.0,3.0,3.0,10,1,1,1153.84
4822,28.6,130.0,0.0,2.0,2.0,3.0,1.0,8,1,0,940.536575074
4833,31.9,55.0,0.0,2.0,1.0,3.0,2.0,10,2,1,546.0
4841,26.4,70.0,0.0,1.0,1.0,3.0,2.0,1,4,1,500.0
4850,27.299999,40.0,10.0,2.0,2.0,3.0,1.0,10,6,0,595.0
4857,30.700001,35.0,15.0,2.0,2.0,3.0,1.0,9,3,1,1056.0
4861,21.700001,0.0,60.0,2.0,1.0,3.0,1.0,5,1,1,2230.76
4870,31.9,80.0,0.0,1.0,1.0,3.0,1.0,4,6,1,798.07
4874,24.5,60.0,15.0,1.0,2.0,3.0,1.0,5,6,0,161.53
4889,25.1,70.0,0.0,2.0,1.0,3.0,1.0,4,3,1,650.0
4895,26.5,120.0,0.0,1.0,2.0,3.0,2.0,10,2,0,700.0
4897,37.099998,115.0,5.0,2.0,1.0,3.0,1.0,11,2,1,139.5
4922,34.400002,65.0,0.0,2.0,1.0,3.0,1.0,9,1,1,1634.61
4940,31.5,90.0,20.0,2.0,1.0,3.0,1.0,6,3,1,415.38
4946,28.4,105.0,0.0,1.0,1.0,2.0,2.0,3,5,0,400.0
4950,25.700001,106.0,480.0,1.0,2.0,3.0,1.0,9,3,1,484.0
4960,42.900002,35.0,10.0,1.0,1.0,3.0,1.0,11,3,1,461.53
4970,24.1,50.0,0.0,2.0,1.0,3.0,1.0,13,1,1,1105.76
4978,29.200001,50.0,60.0,2.0,1.0,3.0,1.0,9,1,1,940.536575074
4982,25.799999,30.0,0.0,2.0,1.0,2.0,1.0,5,3,1,1038.46
4990,23.0,5.0,0.0,1.0,2.0,3.0,5.0,4,6,0,550.0
4991,32.299999,60.0,16.0,2.0,1.0,3.0,1.0,10,1,1,1538.46
4995,19.6,80.0,0.0,2.0,1.0,3.0,1.0,9,1,1,1211.0
5004,31.0,90.0,15.0,1.0,1.0,3.0,2.0,9,1,1,2211.53
5023,33.900002,0.0,30.0,2.0,2.0,3.0,1.0,4,6,1,400.0
5028,26.4,90.0,0.0,2.0,2.0,3.0,2.0,3,5,1,1307.69
5033,25.6,135.0,0.0,2.0,2.0,3.0,2.0,10,2,0,421.0
5040,25.200001,80.0,1.0,2.0,1.0,3.0,1.0,13,2,1,826.92
5043,28.200001,75.0,0.0,2.0,1.0,3.0,1.0,9,1,1,940.536575074
5046,26.200001,55.0,10.0,1.0,1.0,3.0,1.0,4,6,1,1000.0
5050,32.099998,60.0,0.0,2.0,1.0,3.0,1.0,10,1,0,424.4
5054,31.6,0.0,20.0,2.0,1.0,3.0,1.0,5,3,1,1442.3
5061,25.5,15.0,20.0,2.0,1.0,3.0,1.0,10,3,1,500.0
5096,23.200001,35.0,30.0,2.0,1.0,3.0,2.0,10,1,0,1192.3
5102,25.4,45.0,2.0,2.0,2.0,3.0,2.0,9,3,1,480.76
5103,29.0,15.0,190.0,2.0,2.0,3.0,1.0,11,2,0,370.0
5120,29.799999,105.0,20.0,2.0,1.0,3.0,1.0,10,1,1,1153.84
5124,43.599998,70.0,10.0,1.0,1.0,3.0,1.0,10,1,1,615.38
5127,27.9,46.0,0.0,2.0,1.0,3.0,5.0,9,5,1,544.0
5138,27.5902193611,73.0,0.0,2.0,2.0,3.0,1.0,5,3,1,1200.0
5139,33.5,15.0,538.0,2.0,2.0,3.0,1.0,10,3,1,540.0
5141,20.799999,70.0,10.0,1.0,1.0,3.0,1.0,10,1,1,1824.5
5144,27.5,45.0,0.0,2.0,1.0,3.0,1.0,9,1,1,1538.46
5145,31.700001,60.0,0.0,2.0,2.0,3.0,1.0,9,1,0,1900.0
5149,28.200001,100.0,5.0,2.0,1.0,3.0,1.0,4,1,1,2884.61
5150,24.4,65.0,5.0,2.0,2.0,3.0,2.0,9,1,1,1000.0
5154,24.299999,150.0,0.0,2.0,2.0,3.0,1.0,10,1,1,600.0
5158,25.799999,30.0,0.0,1.0,2.0,3.0,2.0,9,2,0,940.536575074
5159,28.5,20.0,0.0,2.0,1.0,3.0,1.0,11,6,0,940.536575074
5165,31.6,15.0,35.0,2.0,1.0,3.0,1.0,9,3,1,940.536575074
5176,38.299999,45.0,15.0,1.0,1.0,3.0,2.0,6,6,1,700.0
5194,23.0,90.0,5.0,2.0,1.0,3.0,2.0,11,2,1,400.0
5198,37.099998,115.0,0.0,1.0,1.0,3.0,2.0,10,2,0,160.0
5205,23.799999,50.0,0.0,1.0,1.0,3.0,1.0,5,3,1,846.15
5225,23.799999,75.0,10.0,2.0,2.0,3.0,1.0,10,1,1,2215.38
5228,22.4,60.0,2.0,2.0,1.0,3.0,2.0,10,1,1,1076.92
5243,21.9,140.0,0.0,1.0,1.0,3.0,1.0,8,1,1,1000.0
5253,33.700001,75.0,5.0,1.0,2.0,3.0,1.0,4,6,0,423.07
5257,49.400002,60.0,0.0,1.0,1.0,3.0,1.0,10,1,1,942.3
5263,38.799999,210.0,15.0,2.0,1.0,3.0,1.0,5,3,1,940.536575074
5266,33.299999,15.0,0.0,1.0,2.0,3.0,1.0,10,2,0,438.0
5267,27.5902193611,10.0,20.0,2.0,2.0,3.0,1.0,13,1,1,700.0
5269,27.1,150.0,0.0,2.0,1.0,3.0,2.0,7,3,1,1346.15
5270,22.700001,15.0,25.0,2.0,2.0,3.0,1.0,7,1,1,961.53
5284,28.700001,0.0,10.0,2.0,1.0,3.0,5.0,11,3,1,940.536575074
5285,33.0,60.0,0.0,2.0,1.0,3.0,1.0,9,3,1,1403.84
5299,32.099998,70.0,40.0,2.0,1.0,3.0,1.0,10,1,1,1269.23
5304,23.0,65.0,8.0,1.0,2.0,3.0,2.0,9,3,1,461.53
5308,33.0,45.0,15.0,1.0,2.0,2.0,2.0,9,1,1,560.0
5315,32.099998,30.0,10.0,2.0,2.0,3.0,1.0,4,6,1,784.0
5339,27.5902193611,60.0,1.0,2.0,1.0,3.0,1.0,10,1,1,1596.15
5342,27.9,25.0,0.0,2.0,1.0,3.0,1.0,8,1,1,1000.0
5363,25.1,0.0,15.0,2.0,1.0,3.0,1.0,9,1,1,1602.04
5371,36.599998,60.0,10.0,1.0,1.0,3.0,1.0,7,3,0,423.07
5376,25.799999,45.0,30.0,2.0,2.0,1.0,1.0,4,6,0,550.0
5377,21.4,50.0,0.0,2.0,2.0,3.0,1.0,11,1,1,940.536575074
5380,20.1,20.0,0.0,1.0,2.0,1.0,2.0,5,3,1,337.5
5389,28.0,0.0,175.0,2.0,1.0,3.0,1.0,5,3,1,940.536575074
5399,23.9,80.0,15.0,2.0,2.0,3.0,1.0,10,1,1,940.536575074
5403,25.799999,30.0,10.0,2.0,2.0,3.0,1.0,4,5,1,975.0
5426,25.799999,110.0,15.0,1.0,1.0,3.0,3.0,8,3,1,322.0
5429,22.700001,75.0,0.0,1.0,2.0,3.0,1.0,10,1,1,942.0
5430,21.5,90.0,0.0,2.0,2.0,3.0,1.0,2,1,1,2500.0
5435,27.5902193611,20.0,30.0,2.0,2.0,3.0,1.0,9,1,0,540.0
5436,27.5902193611,25.0,25.0,2.0,2.0,3.0,5.0,13,2,1,1057.69
5438,21.700001,75.0,5.0,2.0,2.0,3.0,1.0,5,1,1,940.536575074
5453,24.0,40.0,0.0,2.0,2.0,3.0,1.0,11,1,1,940.536575074
5455,31.6,30.0,55.0,1.0,2.0,3.0,1.0,12,5,1,994.8
5461,27.5,30.0,0.0,2.0,2.0,3.0,3.0,10,1,1,1384.61
5473,30.299999,30.0,0.0,1.0,2.0,3.0,2.0,13,2,0,59.5
5486,26.700001,70.0,5.0,2.0,1.0,3.0,1.0,8,1,1,882.69
5491,19.799999,10.0,20.0,2.0,1.0,3.0,1.0,9,1,1,1076.92
5501,25.700001,0.0,40.0,1.0,1.0,2.0,1.0,5,6,0,246.56
5506,20.5,70.0,0.0,1.0,1.0,3.0,2.0,6,3,1,1000.0
5508,27.5902193611,45.0,15.0,2.0,1.0,3.0,1.0,10,1,1,1153.84
5517,20.9,90.0,0.0,2.0,2.0,3.0,1.0,4,1,1,673.07
5522,25.799999,65.0,0.0,2.0,2.0,3.0,1.0,10,1,1,1634.61
5525,20.200001,15.0,30.0,1.0,1.0,3.0,1.0,12,2,1,940.536575074
5550,21.9,50.0,10.0,2.0,2.0,2.0,2.0,10,1,1,1200.0
5558,31.5,35.0,15.0,2.0,1.0,3.0,1.0,10,3,1,576.92
5564,27.299999,0.0,0.0,1.0,2.0,3.0,1.0,12,2,1,1348.2
5565,58.400002,40.0,5.0,2.0,1.0,3.0,5.0,5,1,1,692.3
5571,25.1,0.0,0.0,2.0,2.0,3.0,1.0,11,2,0,320.0
5575,22.5,175.0,30.0,1.0,1.0,3.0,1.0,3,5,1,1017.5
5581,26.6,20.0,10.0,2.0,2.0,3.0,2.0,13,1,1,1653.84
5586,27.9,120.0,0.0,2.0,1.0,2.0,2.0,10,2,0,310.0
5598,38.0,75.0,0.0,1.0,1.0,3.0,2.0,10,1,1,500.0
5599,37.099998,30.0,5.0,2.0,1.0,3.0,1.0,9,1,1,2884.61
5604,27.5902193611,10.0,80.0,1.0,1.0,2.0,2.0,11,2,1,200.0
5610,23.4,75.0,0.0,2.0,2.0,3.0,1.0,13,3,1,576.92
5621,19.6,35.0,0.0,1.0,2.0,3.0,1.0,9,1,1,1673.07
5643,25.700001,105.0,0.0,2.0,1.0,3.0,1.0,3,5,1,940.536575074
5644,23.700001,210.0,0.0,2.0,2.0,3.0,1.0,10,1,1,1576.0
5650,23.299999,40.0,5.0,2.0,2.0,3.0,1.0,7,1,1,2055.15
5652,22.5,55.0,0.0,1.0,2.0,3.0,2.0,4,6,1,1004.4
5659,26.200001,45.0,0.0,2.0,1.0,3.0,1.0,9,3,1,1400.0
5662,22.0,0.0,15.0,2.0,1.0,3.0,1.0,8,1,1,940.536575074
5670,35.299999,120.0,10.0,2.0,1.0,3.0,1.0,8,1,1,1750.0
5680,27.9,170.0,0.0,1.0,2.0,3.0,1.0,12,2,0,150.0
5711,32.700001,70.0,0.0,2.0,1.0,2.0,2.0,5,3,1,1153.84
5718,22.299999,0.0,175.0,1.0,1.0,3.0,1.0,4,6,0,461.53
5722,18.1,63.0,20.0,2.0,1.0,3.0,1.0,6,1,1,1800.0
5739,27.200001,30.0,0.0,1.0,1.0,3.0,1.0,6,6,1,923.0
5743,24.200001,90.0,0.0,2.0,1.0,3.0,1.0,9,1,1,940.536575074
5745,30.700001,0.0,10.0,2.0,1.0,3.0,1.0,4,6,1,961.53
5753,21.4,90.0,0.0,1.0,1.0,3.0,1.0,5,3,0,297.5
5758,22.4,45.0,0.0,1.0,1.0,3.0,1.0,10,1,1,964.63
5759,24.0,20.0,10.0,1.0,2.0,0.0,1.0,10,2,0,270.0
5766,29.5,60.0,2.0,2.0,1.0,3.0,1.0,9,1,1,940.536575074
5769,22.0,90.0,0.0,2.0,1.0,3.0,2.0,5,3,1,750.0
5772,27.5902193611,0.0,0.0,2.0,2.0,3.0,2.0,13,2,1,600.0
5782,21.299999,90.0,180.0,2.0,1.0,3.0,5.0,6,5,1,2884.61
5784,21.0,20.0,0.0,2.0,2.0,3.0,1.0,6,1,0,464.0
5816,28.9,90.0,0.0,1.0,2.0,3.0,1.0,8,1,1,1292.3
5820,28.200001,75.0,10.0,2.0,1.0,3.0,1.0,13,2,1,807.69
5824,27.4,10.0,0.0,2.0,2.0,3.0,2.0,4,6,0,350.0
5825,38.700001,0.0,75.0,1.0,1.0,3.0,1.0,4,6,1,1057.69
5834,36.400002,30.0,25.0,2.0,1.0,3.0,1.0,11,1,1,1076.92
5835,19.6,70.0,0.0,2.0,1.0,3.0,1.0,10,1,1,1423.07
5850,25.1,120.0,0.0,2.0,2.0,3.0,1.0,5,1,1,692.3
5865,24.700001,15.0,5.0,2.0,1.0,3.0,1.0,8,3,1,2884.61
5867,29.299999,60.0,45.0,1.0,1.0,3.0,1.0,4,5,1,1080.0
5873,33.799999,45.0,30.0,1.0,1.0,3.0,1.0,10,2,1,1788.46
5879,30.1,72.0,12.0,1.0,2.0,3.0,1.0,8,3,1,418.5
5892,27.5902193611,60.0,0.0,2.0,2.0,3.0,1.0,10,3,1,230.76
5905,28.1,0.0,30.0,2.0,1.0,3.0,1.0,10,1,1,1250.0
5915,20.1,70.0,0.0,2.0,1.0,3.0,1.0,8,3,1,850.0
5919,18.1,110.0,20.0,1.0,1.0,2.0,1.0,1,1,0,940.536575074
5933,23.700001,40.0,120.0,2.0,2.0,3.0,5.0,10,1,1,1307.69
5941,24.9,50.0,20.0,2.0,2.0,3.0,5.0,9,1,1,940.536575074
5955,25.5,30.0,20.0,2.0,1.0,3.0,1.0,3,1,1,1538.46
5962,27.5902193611,100.0,10.0,2.0,2.0,3.0,1.0,7,1,1,2884.61
5968,25.0,30.0,0.0,2.0,1.0,3.0,1.0,10,1,1,1000.0
5976,17.5,190.0,0.0,2.0,2.0,3.0,1.0,5,3,1,940.536575074
5988,28.6,30.0,75.0,2.0,2.0,3.0,1.0,13,3,1,2053.84
5991,42.099998,50.0,3.0,1.0,1.0,3.0,1.0,13,3,1,730.76
5992,34.299999,35.0,0.0,1.0,1.0,3.0,1.0,5,1,1,1346.15
5996,26.799999,60.0,165.0,1.0,1.0,3.0,1.0,9,1,0,940.536575074
6005,31.6,25.0,60.0,2.0,1.0,3.0,1.0,10,1,1,480.0
6015,30.200001,45.0,25.0,1.0,1.0,3.0,1.0,9,3,1,480.0
6023,23.1,130.0,0.0,2.0,1.0,3.0,5.0,9,1,1,2884.61
6025,26.4,45.0,20.0,1.0,1.0,3.0,1.0,4,6,1,1050.0
6027,28.1,30.0,0.0,1.0,1.0,3.0,1.0,10,1,1,2000.0
6029,21.0,195.0,0.0,2.0,2.0,3.0,1.0,8,3,0,446.0
6031,21.799999,105.0,0.0,2.0,1.0,3.0,1.0,11,1,1,1730.76
6032,25.9,40.0,0.0,2.0,2.0,3.0,5.0,10,1,1,600.0
6035,30.799999,60.0,10.0,2.0,1.0,3.0,1.0,9,1,1,1153.84
6045,47.400002,25.0,20.0,1.0,1.0,1.0,2.0,10,2,0,550.0
6046,30.4,45.0,0.0,2.0,1.0,3.0,1.0,4,5,1,880.0
6058,27.9,20.0,0.0,2.0,1.0,3.0,2.0,4,6,1,576.92
6071,24.5,50.0,10.0,1.0,1.0,3.0,2.0,8,1,0,250.0
6079,19.299999,120.0,0.0,2.0,1.0,3.0,1.0,8,1,1,1780.0
6086,30.9,110.0,2.0,2.0,2.0,3.0,1.0,12,1,1,490.0
6087,23.4,85.0,0.0,1.0,2.0,3.0,1.0,3,5,0,600.0
6094,36.900002,50.0,0.0,2.0,2.0,3.0,1.0,3,5,1,798.0
6110,31.200001,80.0,0.0,2.0,2.0,2.0,1.0,8,3,0,940.536575074
6122,28.1,55.0,375.0,2.0,1.0,3.0,1.0,10,1,1,1250.0
6123,28.200001,0.0,25.0,2.0,1.0,3.0,1.0,4,6,0,1040.0
6125,26.4,150.0,0.0,2.0,1.0,3.0,1.0,9,1,1,1730.76
6132,26.5,30.0,15.0,2.0,1.0,3.0,2.0,10,1,1,1096.15
6138,25.1,60.0,0.0,2.0,2.0,3.0,1.0,5,3,1,182.0
6151,35.200001,45.0,0.0,2.0,2.0,3.0,1.0,10,3,0,402.5
6160,21.4,105.0,0.0,1.0,1.0,3.0,1.0,8,1,1,1096.15
6162,27.799999,90.0,10.0,2.0,2.0,3.0,1.0,10,1,1,1363.63
6163,33.099998,57.0,0.0,1.0,1.0,3.0,1.0,6,3,1,1068.59
6168,37.799999,60.0,0.0,1.0,2.0,3.0,1.0,5,3,1,1269.23
6177,23.0,20.0,730.0,2.0,2.0,3.0,1.0,9,2,0,940.536575074
6189,28.799999,20.0,15.0,2.0,1.0,3.0,1.0,9,3,1,1270.0
6190,21.9,20.0,90.0,2.0,1.0,3.0,1.0,7,1,1,1500.0
6199,31.200001,135.0,10.0,2.0,2.0,3.0,2.0,8,3,1,903.84
6200,21.9,60.0,0.0,2.0,2.0,3.0,1.0,12,2,0,23.07
6214,39.700001,55.0,3.0,2.0,1.0,3.0,1.0,10,3,1,653.84
6215,27.5,120.0,0.0,2.0,1.0,3.0,2.0,10,2,1,375.0
6219,34.200001,135.0,0.0,1.0,1.0,0.0,1.0,9,6,1,1769.23
6222,21.799999,40.0,0.0,1.0,1.0,3.0,1.0,10,1,0,94.15
6233,30.1,0.0,20.0,2.0,1.0,3.0,1.0,6,5,1,1864.0
6260,27.5902193611,20.0,10.0,2.0,1.0,3.0,1.0,9,1,1,2615.0
6262,18.700001,150.0,0.0,0.0,1.0,3.0,2.0,10,1,0,600.0
6268,26.200001,20.0,65.0,2.0,1.0,3.0,2.0,4,1,1,900.0
6278,25.700001,20.0,17.0,2.0,2.0,3.0,2.0,9,1,0,940.536575074
6297,23.5,45.0,0.0,1.0,1.0,3.0,1.0,4,3,1,950.0
6329,23.4,50.0,0.0,2.0,2.0,3.0,1.0,8,1,1,1201.92
6345,27.5,60.0,30.0,2.0,2.0,2.0,1.0,10,1,1,680.0
6352,27.5902193611,75.0,0.0,1.0,2.0,3.0,1.0,9,3,1,640.0
6361,38.400002,60.0,0.0,1.0,1.0,3.0,1.0,5,3,1,500.0
6373,21.799999,60.0,0.0,2.0,1.0,3.0,1.0,10,1,1,480.76
6374,29.299999,0.0,15.0,2.0,1.0,2.0,2.0,11,3,0,288.0
6379,24.4,95.0,0.0,2.0,1.0,3.0,1.0,10,2,1,1826.92
6400,29.299999,90.0,0.0,2.0,1.0,3.0,1.0,10,2,1,225.0
6408,30.299999,70.0,0.0,2.0,2.0,3.0,1.0,10,1,1,2884.61
6413,17.4,120.0,85.0,2.0,1.0,3.0,1.0,10,1,0,415.38
6415,25.1,10.0,40.0,2.0,1.0,3.0,1.0,9,1,1,2884.61
6429,35.5,60.0,15.0,2.0,1.0,3.0,1.0,9,5,1,961.53
6431,23.700001,0.0,50.0,2.0,1.0,3.0,1.0,9,1,1,940.536575074
6436,34.299999,90.0,0.0,1.0,1.0,3.0,1.0,4,6,1,748.8
6441,36.299999,85.0,10.0,1.0,2.0,3.0,1.0,5,3,1,600.0
6454,28.6,90.0,20.0,2.0,2.0,3.0,1.0,10,2,1,590.0
6455,23.4,30.0,70.0,2.0,2.0,3.0,1.0,10,1,1,961.53
6456,26.299999,60.0,10.0,2.0,1.0,3.0,1.0,5,1,1,940.536575074
6458,25.799999,100.0,10.0,2.0,1.0,3.0,1.0,3,5,1,615.38
6460,27.5902193611,20.0,5.0,1.0,1.0,3.0,1.0,10,1,1,1400.0
6467,34.099998,75.0,10.0,2.0,2.0,3.0,1.0,1,1,1,940.536575074
6473,30.799999,0.0,45.0,1.0,1.0,3.0,1.0,9,1,1,940.536575074
6487,29.200001,65.0,5.0,2.0,1.0,3.0,2.0,10,3,1,264.0
6490,24.799999,75.0,0.0,2.0,1.0,3.0,1.0,6,6,0,923.07
6517,24.299999,30.0,10.0,2.0,2.0,3.0,5.0,6,6,1,940.536575074
6521,27.5,20.0,0.0,1.0,1.0,3.0,1.0,12,3,0,192.0
6526,30.4,98.0,0.0,1.0,1.0,3.0,1.0,10,1,1,250.0
6534,23.9,466.0,0.0,2.0,1.0,3.0,1.0,5,2,1,513.0
6554,20.4,105.0,0.0,2.0,1.0,3.0,2.0,10,1,1,615.38
6556,27.700001,120.0,0.0,2.0,2.0,3.0,2.0,5,2,0,383.8
6557,38.700001,15.0,0.0,1.0,1.0,3.0,1.0,10,2,0,360.0
6562,40.299999,60.0,480.0,2.0,2.0,3.0,2.0,11,2,0,600.0
6572,23.700001,60.0,0.0,2.0,1.0,3.0,1.0,13,1,1,86.53
6574,25.5,50.0,5.0,1.0,1.0,3.0,1.0,8,1,1,1822.48
6576,23.6,105.0,0.0,2.0,2.0,3.0,1.0,10,1,1,961.53
6579,32.799999,30.0,0.0,1.0,1.0,3.0,1.0,4,3,0,541.6
6589,24.0,150.0,105.0,2.0,1.0,3.0,1.0,9,3,1,1038.0
6596,28.299999,60.0,0.0,2.0,2.0,3.0,1.0,12,2,0,940.536575074
6610,27.4,45.0,35.0,2.0,2.0,3.0,1.0,12,5,1,961.0
6615,28.200001,105.0,0.0,2.0,1.0,3.0,1.0,10,6,1,1144.0
6623,26.9,35.0,0.0,2.0,1.0,3.0,1.0,6,3,1,846.15
6629,20.799999,120.0,0.0,2.0,2.0,3.0,1.0,10,1,1,1350.0
6641,26.5,30.0,0.0,2.0,2.0,3.0,2.0,3,5,0,384.61
6649,22.5,30.0,5.0,2.0,1.0,3.0,2.0,10,2,0,375.0
6678,28.299999,135.0,10.0,2.0,1.0,3.0,1.0,9,1,1,940.536575074
6680,23.700001,60.0,0.0,1.0,1.0,3.0,1.0,4,5,1,724.4
6682,26.799999,5.0,0.0,1.0,1.0,3.0,1.0,13,1,1,673.07
6684,26.4,25.0,15.0,2.0,2.0,3.0,1.0,9,1,0,940.536575074
6688,23.700001,120.0,0.0,2.0,1.0,3.0,1.0,12,1,1,961.53
6689,26.9,10.0,10.0,1.0,1.0,3.0,1.0,12,2,0,160.0
6692,31.0,60.0,307.0,2.0,1.0,3.0,1.0,4,3,1,961.0
6699,30.4,150.0,0.0,2.0,2.0,3.0,1.0,10,1,1,800.0
6718,20.4,35.0,240.0,1.0,1.0,1.0,1.0,11,2,1,408.5
6721,29.299999,90.0,0.0,1.0,1.0,3.0,1.0,4,6,1,775.0
6727,28.299999,15.0,15.0,2.0,1.0,3.0,2.0,9,1,1,800.0
6729,25.799999,50.0,10.0,2.0,1.0,3.0,2.0,10,1,0,222.22
6734,18.299999,180.0,5.0,2.0,1.0,3.0,1.0,8,3,1,1442.3
6737,24.4,0.0,12.0,2.0,2.0,3.0,1.0,10,1,1,865.38
6756,27.299999,90.0,0.0,2.0,1.0,3.0,2.0,10,1,1,1384.61
6758,26.5,30.0,0.0,2.0,2.0,3.0,1.0,9,1,1,865.38
6760,24.700001,40.0,10.0,2.0,2.0,3.0,2.0,11,2,1,650.0
6767,25.700001,20.0,0.0,2.0,1.0,3.0,1.0,8,1,1,720.0
6794,18.5,0.0,130.0,1.0,2.0,3.0,1.0,10,2,0,383.4
6800,25.1,45.0,15.0,2.0,2.0,3.0,1.0,10,1,1,1346.15
6801,22.6,20.0,0.0,1.0,1.0,3.0,1.0,7,5,1,680.0
6805,28.700001,105.0,0.0,2.0,1.0,3.0,1.0,6,3,1,800.0
6807,25.1,25.0,0.0,2.0,1.0,3.0,2.0,11,1,1,2884.61
6808,21.1,10.0,0.0,2.0,2.0,3.0,2.0,12,5,0,723.2
6811,34.400002,50.0,0.0,1.0,2.0,3.0,1.0,4,6,0,820.0
6813,23.0,15.0,298.0,2.0,1.0,3.0,1.0,10,1,1,600.0
6858,23.0,180.0,15.0,2.0,2.0,3.0,5.0,10,1,1,1346.15
6866,24.0,105.0,0.0,2.0,2.0,3.0,2.0,10,2,0,150.0
6870,25.6,90.0,5.0,2.0,1.0,3.0,1.0,10,1,1,1211.53
6902,20.5,85.0,25.0,2.0,1.0,3.0,1.0,10,1,1,393.28
6904,27.9,70.0,0.0,2.0,1.0,3.0,1.0,5,3,1,560.0
6915,17.700001,103.0,30.0,2.0,1.0,3.0,2.0,9,1,1,711.53
6927,24.4,180.0,0.0,2.0,2.0,3.0,1.0,1,1,0,940.536575074
6968,22.4,15.0,1.0,2.0,1.0,3.0,1.0,3,5,1,600.0
6971,19.9,225.0,55.0,2.0,1.0,3.0,1.0,10,1,1,2193.52
6975,26.200001,40.0,0.0,1.0,2.0,3.0,1.0,11,2,0,666.0
6979,26.6,60.0,30.0,2.0,2.0,3.0,2.0,5,3,1,800.0
6988,29.299999,30.0,0.0,1.0,2.0,3.0,1.0,10,1,1,580.0
6992,31.5,60.0,0.0,1.0,1.0,3.0,1.0,1,1,0,940.536575074
6993,29.5,55.0,0.0,1.0,2.0,3.0,2.0,10,2,0,535.6
6999,25.6,138.0,5.0,2.0,1.0,3.0,2.0,9,1,0,940.536575074
7000,25.0,50.0,0.0,2.0,2.0,3.0,1.0,9,1,0,940.536575074
7013,30.700001,35.0,0.0,2.0,1.0,3.0,2.0,8,3,1,782.4
7014,21.799999,60.0,5.0,2.0,1.0,3.0,2.0,10,1,1,961.53
7025,25.6,40.0,5.0,1.0,1.0,3.0,1.0,5,3,1,689.6
7029,23.6,35.0,1.0,2.0,2.0,3.0,1.0,10,1,1,1057.0
7041,25.799999,20.0,0.0,2.0,1.0,3.0,2.0,4,6,1,1346.15
7051,31.4,72.0,0.0,1.0,2.0,3.0,1.0,5,6,0,500.0
7057,22.1,85.0,0.0,2.0,1.0,3.0,1.0,4,5,1,701.92
7063,26.299999,80.0,0.0,2.0,1.0,3.0,1.0,5,3,1,1477.0
7065,31.299999,45.0,0.0,1.0,1.0,3.0,2.0,13,1,1,791.2
7097,27.200001,30.0,0.0,2.0,1.0,2.0,1.0,4,6,0,497.2
7125,54.900002,0.0,0.0,1.0,1.0,2.0,1.0,8,3,1,536.0
7135,36.599998,20.0,20.0,2.0,2.0,3.0,2.0,6,6,1,923.07
7139,31.9,60.0,0.0,2.0,2.0,3.0,2.0,6,3,1,797.2
7147,42.0,30.0,30.0,1.0,2.0,3.0,1.0,12,3,1,440.0
7148,25.799999,90.0,15.0,2.0,1.0,3.0,2.0,13,1,1,1598.5
7150,18.799999,75.0,10.0,2.0,1.0,3.0,1.0,9,1,1,1115.38
7166,25.0,130.0,0.0,2.0,2.0,3.0,1.0,13,1,1,1400.0
7179,31.5,25.0,5.0,1.0,1.0,3.0,5.0,12,1,1,263.68
7187,31.6,10.0,0.0,1.0,2.0,3.0,1.0,12,3,1,680.0
7191,26.299999,50.0,15.0,2.0,1.0,3.0,2.0,13,3,1,846.15
7194,24.4,90.0,0.0,2.0,1.0,3.0,1.0,10,1,1,1384.61
7213,29.299999,120.0,0.0,1.0,2.0,3.0,1.0,3,5,0,520.0
7222,23.799999,70.0,0.0,1.0,1.0,3.0,2.0,4,6,1,727.65
7224,20.299999,50.0,0.0,2.0,2.0,3.0,1.0,9,1,1,576.92
7230,58.400002,0.0,5.0,2.0,1.0,3.0,1.0,8,1,0,375.0
7231,22.4,65.0,0.0,2.0,1.0,3.0,1.0,10,1,1,1250.0
7244,31.200001,25.0,60.0,2.0,1.0,3.0,1.0,5,3,0,627.6
7246,22.1,15.0,0.0,2.0,2.0,3.0,2.0,6,6,1,760.0
7249,24.9,80.0,15.0,2.0,2.0,3.0,2.0,8,3,1,519.23
7257,41.5,45.0,1.0,1.0,1.0,3.0,1.0,9,1,0,940.536575074
7265,26.299999,65.0,30.0,2.0,2.0,3.0,2.0,10,1,1,1269.23
7268,28.200001,30.0,0.0,2.0,2.0,3.0,1.0,5,6,1,960.0
7270,19.9,0.0,45.0,1.0,2.0,3.0,1.0,9,1,1,1442.3
7281,21.0,45.0,0.0,2.0,2.0,3.0,1.0,10,1,1,2884.61
7292,36.400002,60.0,0.0,1.0,1.0,3.0,2.0,13,3,1,969.23
7296,29.299999,15.0,10.0,1.0,1.0,3.0,2.0,8,1,1,538.46
7298,22.799999,15.0,22.0,2.0,1.0,3.0,1.0,10,1,1,423.07
7300,23.5,180.0,0.0,2.0,1.0,3.0,1.0,8,3,1,2307.69
7316,30.0,40.0,6.0,1.0,1.0,3.0,2.0,10,1,1,830.76
7329,21.299999,35.0,0.0,2.0,2.0,3.0,1.0,10,1,1,961.53
7343,25.0,70.0,5.0,2.0,1.0,3.0,1.0,13,1,1,2500.0
7347,25.700001,0.0,15.0,2.0,2.0,3.0,2.0,6,1,1,1730.0
7354,34.299999,80.0,13.0,2.0,1.0,3.0,2.0,5,3,1,97.5
7361,29.5,160.0,0.0,2.0,1.0,3.0,1.0,10,1,1,711.53
7371,26.9,75.0,10.0,2.0,1.0,3.0,1.0,13,5,1,1160.0
7401,27.4,35.0,0.0,2.0,1.0,3.0,1.0,9,1,1,961.53
7420,26.0,60.0,20.0,1.0,2.0,3.0,1.0,10,1,1,1192.3
7435,30.5,70.0,0.0,1.0,2.0,3.0,1.0,9,3,0,350.0
7452,23.6,45.0,1.0,1.0,1.0,3.0,2.0,11,1,0,940.536575074
7455,19.4,105.0,0.0,2.0,2.0,3.0,1.0,8,1,1,940.536575074
7456,21.9,90.0,0.0,1.0,2.0,3.0,1.0,6,3,0,807.69
7457,23.4,30.0,60.0,1.0,1.0,3.0,1.0,10,2,1,525.0
7489,21.5,165.0,0.0,2.0,2.0,3.0,1.0,11,1,1,940.536575074
7500,27.5902193611,60.0,0.0,1.0,2.0,3.0,1.0,2,6,1,500.0
7515,24.299999,50.0,0.0,1.0,1.0,2.0,2.0,6,6,0,108.0
7517,24.9,103.0,25.0,2.0,1.0,3.0,1.0,4,5,1,1164.0
7529,27.5902193611,60.0,0.0,2.0,2.0,3.0,2.0,6,6,0,375.0
7533,24.0,110.0,0.0,1.0,1.0,3.0,1.0,10,1,0,645.0
7543,22.799999,70.0,22.0,2.0,2.0,3.0,2.0,9,2,0,80.0
7561,27.1,150.0,0.0,2.0,1.0,3.0,5.0,2,6,1,1713.8
7568,23.200001,60.0,0.0,2.0,2.0,3.0,1.0,3,3,1,799.0
7573,24.4,120.0,0.0,1.0,1.0,2.0,1.0,10,1,1,1600.0
7574,22.4,60.0,0.0,2.0,1.0,3.0,2.0,9,2,0,940.536575074
7576,23.9,30.0,3.0,2.0,1.0,3.0,1.0,10,3,1,544.23
7578,27.4,35.0,0.0,2.0,1.0,3.0,1.0,5,3,1,2307.69
7580,25.799999,60.0,40.0,1.0,1.0,3.0,2.0,7,1,1,846.15
7586,23.1,50.0,10.0,1.0,1.0,3.0,1.0,3,5,1,961.53
7587,22.700001,45.0,50.0,2.0,1.0,3.0,2.0,10,1,1,1551.2
7605,26.6,20.0,15.0,2.0,2.0,3.0,1.0,7,1,1,1000.0
7612,22.1,80.0,0.0,2.0,1.0,3.0,2.0,9,1,1,1061.53
7613,33.299999,40.0,0.0,1.0,1.0,3.0,1.0,10,1,1,125.0
7625,24.6,115.0,0.0,2.0,1.0,3.0,2.0,8,1,1,692.3
7636,22.5,45.0,10.0,1.0,1.0,3.0,1.0,11,1,1,600.0
7637,25.700001,120.0,17.0,2.0,2.0,3.0,1.0,9,5,1,1097.5
7640,44.799999,30.0,5.0,1.0,1.0,3.0,1.0,10,1,1,775.0
7642,36.599998,105.0,0.0,2.0,2.0,3.0,1.0,4,1,1,1423.07
7650,23.700001,25.0,0.0,2.0,1.0,3.0,2.0,9,3,1,1288.46
7666,28.299999,90.0,20.0,1.0,1.0,3.0,1.0,8,5,0,559.0
7672,25.1,30.0,20.0,2.0,2.0,3.0,1.0,9,1,1,2884.61
7676,27.5902193611,95.0,2.0,1.0,1.0,3.0,1.0,10,6,0,205.0
7686,30.700001,65.0,5.0,2.0,1.0,3.0,2.0,10,1,1,2115.38
7697,21.5,125.0,15.0,2.0,1.0,3.0,2.0,4,1,1,1115.38
7709,24.4,10.0,10.0,2.0,1.0,3.0,1.0,11,2,0,700.0
7721,22.200001,10.0,20.0,2.0,2.0,3.0,1.0,10,2,1,923.2
7722,25.700001,105.0,0.0,1.0,2.0,3.0,1.0,4,3,1,2307.69
7728,22.299999,55.0,0.0,2.0,1.0,3.0,1.0,12,1,1,576.92
7732,27.1,55.0,15.0,1.0,1.0,3.0,1.0,7,3,0,486.53
7737,26.6,20.0,20.0,1.0,1.0,3.0,2.0,3,5,0,940.536575074
7740,27.799999,120.0,0.0,1.0,1.0,3.0,1.0,5,1,1,1361.25
7741,21.5,37.0,0.0,2.0,2.0,3.0,1.0,5,3,0,400.0
7746,24.4,5.0,5.0,1.0,2.0,3.0,2.0,3,5,1,1100.0
7752,25.1,195.0,0.0,2.0,1.0,3.0,1.0,12,1,1,1730.76
7758,26.6,60.0,45.0,2.0,1.0,1.0,1.0,11,3,1,1346.15
7765,30.5,5.0,370.0,1.0,2.0,3.0,2.0,9,2,0,940.536575074
7770,27.799999,30.0,60.0,1.0,2.0,3.0,5.0,11,2,0,360.0
7773,25.1,15.0,0.0,1.0,2.0,3.0,1.0,11,6,1,300.0
7781,22.1,45.0,30.0,2.0,1.0,3.0,1.0,8,1,1,1346.0
7809,31.5,30.0,0.0,1.0,1.0,3.0,1.0,9,3,1,0.0
7815,27.5902193611,15.0,20.0,2.0,1.0,3.0,1.0,8,1,1,653.84
7818,27.1,90.0,0.0,2.0,1.0,3.0,1.0,10,3,1,1059.1
7823,27.4,50.0,3.0,1.0,1.0,3.0,5.0,13,2,0,769.23
7830,27.5902193611,100.0,0.0,1.0,2.0,3.0,2.0,6,6,0,250.0
7835,30.700001,60.0,15.0,2.0,1.0,3.0,2.0,3,1,1,1153.84
7838,22.799999,15.0,10.0,2.0,1.0,3.0,1.0,5,3,0,0.0
7842,23.0,24.0,10.0,2.0,2.0,3.0,1.0,5,3,1,576.92
7847,20.0,0.0,65.0,2.0,2.0,3.0,1.0,10,1,1,940.536575074
7860,35.200001,15.0,0.0,1.0,1.0,3.0,1.0,4,5,1,900.0
7878,26.4,65.0,0.0,2.0,2.0,3.0,1.0,10,1,1,940.536575074
7890,35.400002,0.0,25.0,2.0,2.0,3.0,1.0,10,1,0,375.0
7891,27.1,80.0,0.0,2.0,1.0,3.0,1.0,10,1,1,2115.38
7914,20.799999,60.0,0.0,2.0,2.0,3.0,1.0,9,1,1,1442.3
7917,21.700001,30.0,0.0,2.0,2.0,3.0,2.0,5,3,1,653.84
7933,22.9,20.0,5.0,2.0,1.0,3.0,1.0,10,1,0,1547.61
7937,34.0,60.0,0.0,1.0,1.0,3.0,1.0,12,2,1,479.16
7938,33.400002,60.0,10.0,2.0,2.0,3.0,1.0,8,3,1,400.0
7939,27.200001,55.0,15.0,2.0,1.0,3.0,2.0,5,6,1,1000.0
7969,33.5,5.0,0.0,2.0,1.0,3.0,2.0,6,6,1,1423.07
7971,27.799999,105.0,45.0,1.0,1.0,3.0,1.0,10,1,1,288.46
7980,23.799999,30.0,62.0,1.0,1.0,3.0,5.0,4,6,1,296.0
8013,42.799999,50.0,2.0,2.0,1.0,3.0,1.0,10,1,1,940.536575074
8024,21.299999,75.0,5.0,1.0,2.0,3.0,1.0,10,1,0,392.3
8038,33.5,30.0,0.0,1.0,1.0,3.0,2.0,6,6,1,940.536575074
8049,20.799999,15.0,0.0,2.0,2.0,3.0,1.0,5,3,0,174.0
8062,27.5902193611,0.0,15.0,1.0,2.0,3.0,1.0,8,1,1,1153.0
8089,29.799999,35.0,5.0,1.0,1.0,3.0,1.0,4,6,1,900.0
8098,25.4,69.0,0.0,2.0,2.0,3.0,1.0,4,1,0,175.0
8103,38.900002,155.0,35.0,2.0,1.0,3.0,5.0,12,1,1,2269.23
8108,23.700001,65.0,5.0,2.0,2.0,3.0,1.0,7,1,1,1280.0
8133,26.4,65.0,0.0,2.0,1.0,3.0,1.0,9,1,1,2307.46
8137,22.6,165.0,10.0,2.0,1.0,3.0,1.0,9,1,1,2884.61
8138,19.9,90.0,0.0,2.0,1.0,3.0,1.0,10,1,1,1007.0
8148,27.5902193611,75.0,2.0,2.0,2.0,3.0,2.0,11,2,0,560.0
8165,26.299999,40.0,30.0,2.0,1.0,3.0,1.0,12,2,1,1400.0
8170,27.1,20.0,20.0,2.0,1.0,3.0,1.0,5,1,1,1250.0
8177,25.0,210.0,5.0,2.0,2.0,3.0,5.0,9,1,1,440.0
8188,32.299999,90.0,0.0,2.0,1.0,1.0,2.0,8,3,1,540.8
8197,38.299999,20.0,45.0,2.0,1.0,3.0,2.0,10,1,1,763.8
8199,35.900002,90.0,0.0,1.0,1.0,3.0,1.0,6,6,0,276.92
8202,40.400002,20.0,0.0,2.0,1.0,3.0,1.0,4,6,0,612.0
8208,35.400002,95.0,20.0,2.0,1.0,3.0,1.0,13,1,1,1923.07
8219,27.1,60.0,20.0,2.0,2.0,3.0,1.0,6,1,1,1923.09
8221,22.1,35.0,5.0,2.0,1.0,3.0,2.0,13,1,1,1000.0
8222,22.799999,70.0,0.0,2.0,2.0,3.0,1.0,9,1,1,2307.69
8237,19.799999,60.0,0.0,2.0,1.0,3.0,1.0,5,3,1,640.0
8238,27.5902193611,90.0,20.0,2.0,1.0,3.0,1.0,8,3,1,1640.0
8239,23.0,35.0,10.0,2.0,1.0,3.0,1.0,9,1,1,1567.5
8254,31.200001,0.0,15.0,1.0,1.0,2.0,3.0,5,6,0,253.75
8260,30.200001,30.0,0.0,1.0,2.0,3.0,1.0,5,2,0,223.16
8280,48.099998,60.0,0.0,2.0,2.0,3.0,1.0,7,3,1,300.0
8304,26.299999,30.0,15.0,2.0,2.0,3.0,1.0,6,3,1,1174.9
8306,24.4,120.0,0.0,1.0,2.0,3.0,1.0,1,1,0,940.536575074
8310,23.0,105.0,3.0,1.0,2.0,3.0,1.0,3,1,1,1184.5
8316,24.700001,50.0,5.0,2.0,2.0,3.0,4.0,11,1,1,940.536575074
8324,27.5902193611,20.0,0.0,1.0,2.0,3.0,2.0,4,6,1,450.0
8327,21.299999,35.0,15.0,2.0,2.0,3.0,1.0,10,1,1,2211.53
8328,21.1,45.0,0.0,1.0,2.0,3.0,5.0,10,3,0,615.38
8340,38.400002,135.0,0.0,1.0,2.0,3.0,1.0,9,3,0,300.0
8350,22.9,30.0,30.0,2.0,1.0,3.0,1.0,9,1,1,711.53
8353,25.799999,90.0,15.0,2.0,2.0,3.0,1.0,5,1,0,138.75
8355,23.700001,20.0,120.0,2.0,2.0,3.0,1.0,8,1,1,2230.76
8358,24.4,85.0,0.0,2.0,2.0,3.0,1.0,5,3,0,940.536575074
8359,36.0,20.0,40.0,2.0,1.0,3.0,2.0,10,1,1,940.536575074
8360,29.1,150.0,0.0,1.0,2.0,3.0,1.0,13,3,1,497.6
8365,25.799999,45.0,30.0,2.0,2.0,3.0,2.0,13,1,1,1460.0
8370,24.4,60.0,0.0,2.0,1.0,3.0,2.0,5,6,1,1820.0
8378,31.200001,110.0,0.0,2.0,1.0,3.0,1.0,6,5,1,1038.46
8380,21.0,120.0,5.0,2.0,2.0,3.0,1.0,9,3,1,2884.61
8383,27.5902193611,60.0,15.0,1.0,1.0,3.0,2.0,10,1,0,900.0
8384,30.5,0.0,18.0,2.0,2.0,3.0,1.0,5,5,1,1000.0
8389,37.5,100.0,5.0,2.0,1.0,3.0,2.0,10,3,1,800.0
8399,24.9,25.0,0.0,1.0,2.0,3.0,1.0,10,2,1,419.76
8400,32.0,125.0,0.0,1.0,1.0,3.0,1.0,11,3,1,826.92
8404,18.6,0.0,20.0,1.0,1.0,3.0,1.0,5,1,1,375.0
8408,33.700001,70.0,10.0,2.0,1.0,3.0,1.0,10,3,1,994.0
8410,29.5,80.0,5.0,1.0,1.0,3.0,1.0,5,1,1,725.0
8417,27.5902193611,20.0,5.0,2.0,2.0,3.0,1.0,9,2,1,264.5
8423,27.5902193611,60.0,0.0,2.0,1.0,3.0,2.0,8,3,0,865.38
8438,27.5902193611,90.0,0.0,0.0,1.0,3.0,1.0,5,1,1,346.15
8450,28.299999,60.0,30.0,2.0,1.0,3.0,2.0,4,6,1,2884.61
8462,30.1,75.0,0.0,2.0,2.0,3.0,1.0,10,2,0,212.64
8464,17.1,60.0,103.0,2.0,2.0,3.0,1.0,10,1,1,423.07
8480,21.799999,40.0,0.0,2.0,1.0,3.0,1.0,11,2,0,160.0
8493,31.6,20.0,0.0,2.0,1.0,3.0,2.0,5,5,1,940.536575074
8506,28.700001,20.0,21.0,2.0,1.0,3.0,1.0,9,1,1,940.536575074
8516,27.299999,100.0,0.0,2.0,1.0,3.0,1.0,9,1,1,940.536575074
8540,25.1,20.0,10.0,1.0,1.0,3.0,1.0,13,2,1,840.0
8545,27.5,75.0,0.0,2.0,2.0,3.0,1.0,6,6,1,692.3
8551,31.0,17.0,0.0,2.0,2.0,3.0,2.0,3,1,1,576.92
8570,24.299999,60.0,0.0,2.0,1.0,3.0,1.0,9,1,1,2884.61
8571,27.5902193611,0.0,15.0,1.0,1.0,3.0,1.0,10,1,1,961.53
8578,23.1,90.0,0.0,1.0,2.0,3.0,5.0,5,3,1,540.4
8617,32.0,0.0,0.0,1.0,1.0,3.0,1.0,4,3,1,1240.0
8625,17.9,75.0,20.0,2.0,2.0,3.0,1.0,4,3,1,1442.3
8656,31.6,10.0,20.0,2.0,1.0,3.0,4.0,5,3,0,324.0
8668,30.1,0.0,0.0,1.0,2.0,2.0,2.0,9,2,0,500.0
8678,36.0,20.0,10.0,1.0,2.0,3.0,1.0,9,2,0,313.84
8682,23.799999,115.0,0.0,2.0,1.0,3.0,1.0,13,1,1,730.76
8690,27.0,35.0,0.0,2.0,1.0,3.0,1.0,6,6,0,400.0
8696,28.1,265.0,6.0,1.0,1.0,3.0,2.0,8,3,1,680.0
8703,38.400002,140.0,0.0,2.0,1.0,3.0,1.0,3,1,1,940.536575074
8705,20.5,0.0,570.0,2.0,1.0,3.0,1.0,11,1,1,865.38
8707,35.400002,30.0,0.0,2.0,1.0,3.0,1.0,4,6,0,0.0
8708,32.599998,30.0,15.0,1.0,1.0,3.0,1.0,10,1,0,403.84
8717,19.4,75.0,170.0,2.0,2.0,3.0,1.0,10,1,1,961.53
8721,22.299999,106.0,0.0,1.0,1.0,3.0,1.0,10,2,1,500.0
8725,37.5,150.0,5.0,1.0,1.0,3.0,1.0,10,1,1,480.76
8735,31.700001,60.0,150.0,2.0,1.0,3.0,3.0,8,1,1,940.536575074
8748,29.0,180.0,5.0,1.0,1.0,3.0,5.0,13,1,1,1130.76
8760,21.4,90.0,0.0,1.0,1.0,3.0,1.0,1,1,1,276.0
8768,40.700001,30.0,0.0,2.0,1.0,3.0,1.0,6,3,1,1020.0
8769,25.9,50.0,0.0,2.0,1.0,3.0,1.0,10,1,1,2307.69
8812,22.0,25.0,5.0,2.0,1.0,3.0,2.0,8,1,1,769.23
8819,24.299999,160.0,0.0,2.0,2.0,3.0,1.0,11,1,1,940.536575074
8841,28.5,55.0,11.0,2.0,1.0,3.0,1.0,4,1,1,644.0
8846,25.799999,90.0,7.0,2.0,1.0,3.0,1.0,7,5,1,865.38
8852,22.9,65.0,20.0,2.0,2.0,3.0,1.0,10,2,0,174.0
8854,26.6,20.0,0.0,1.0,1.0,3.0,1.0,4,6,1,1500.0
8866,27.4,15.0,0.0,2.0,2.0,3.0,2.0,5,3,0,214.5
8868,26.9,75.0,0.0,2.0,1.0,3.0,1.0,3,5,0,440.0
8879,44.299999,50.0,0.0,2.0,1.0,3.0,1.0,8,3,1,532.0
8882,38.5,65.0,10.0,1.0,1.0,3.0,1.0,12,1,1,1307.69
8884,38.099998,30.0,15.0,1.0,1.0,3.0,2.0,5,6,0,463.6
8890,27.5902193611,90.0,0.0,2.0,1.0,3.0,1.0,4,1,1,1250.0
8911,25.799999,30.0,5.0,2.0,1.0,3.0,1.0,10,1,1,1500.0
8957,21.700001,30.0,7.0,2.0,2.0,3.0,1.0,12,2,1,940.536575074
8958,25.0,120.0,0.0,1.0,1.0,3.0,1.0,11,2,0,453.6
8969,26.6,0.0,267.0,2.0,2.0,3.0,1.0,13,1,1,1730.76
8971,23.200001,195.0,0.0,1.0,1.0,3.0,1.0,3,1,0,940.536575074
8977,43.299999,60.0,15.0,1.0,2.0,2.0,2.0,9,1,1,808.15
8981,40.299999,15.0,5.0,2.0,1.0,3.0,1.0,12,2,1,940.536575074
8983,17.700001,25.0,4.0,2.0,1.0,3.0,1.0,12,1,1,634.61
8987,25.200001,45.0,0.0,2.0,1.0,3.0,2.0,8,1,0,581.07
8993,23.1,15.0,30.0,1.0,1.0,3.0,1.0,11,1,1,730.76
9015,17.799999,50.0,5.0,2.0,0.0,3.0,1.0,10,1,1,0.0
9027,32.299999,20.0,30.0,2.0,1.0,3.0,2.0,13,1,1,1153.84
9035,24.4,30.0,0.0,2.0,2.0,3.0,1.0,2,5,1,1730.76
9049,23.0,0.0,10.0,1.0,2.0,3.0,2.0,4,6,1,1600.0
9058,28.200001,270.0,0.0,2.0,2.0,3.0,1.0,11,2,0,288.0
9065,21.5,60.0,60.0,1.0,2.0,3.0,1.0,8,3,1,300.0
9069,25.799999,70.0,20.0,2.0,2.0,3.0,1.0,4,6,1,560.0
9073,27.700001,45.0,5.0,2.0,2.0,2.0,1.0,10,2,0,44.0
9082,23.6,60.0,0.0,1.0,2.0,3.0,2.0,12,2,1,730.76
9092,28.299999,20.0,0.0,1.0,1.0,3.0,1.0,11,2,1,940.536575074
9105,27.299999,20.0,0.0,2.0,1.0,3.0,1.0,5,6,1,697.0
9123,27.4,60.0,12.0,2.0,1.0,2.0,1.0,10,1,1,865.38
9147,39.200001,0.0,80.0,2.0,1.0,3.0,1.0,13,1,1,1368.5
9157,22.1,60.0,5.0,2.0,1.0,3.0,2.0,8,3,1,740.38
9159,35.400002,10.0,0.0,1.0,1.0,1.0,1.0,10,6,1,769.0
9168,35.900002,75.0,0.0,2.0,1.0,3.0,5.0,6,1,1,2692.3
9180,25.1,60.0,0.0,2.0,2.0,3.0,1.0,10,1,1,1248.0
9187,33.700001,10.0,30.0,2.0,1.0,3.0,1.0,6,6,0,430.5
9190,23.700001,105.0,0.0,2.0,2.0,3.0,2.0,8,3,1,2115.38
9192,22.6,20.0,20.0,2.0,1.0,3.0,5.0,5,3,0,940.536575074
9197,23.700001,25.0,10.0,2.0,2.0,3.0,1.0,11,1,1,940.536575074
9211,25.700001,130.0,0.0,1.0,2.0,3.0,1.0,4,6,1,1028.72
9212,26.1,85.0,20.0,1.0,1.0,3.0,1.0,11,2,1,1153.84
9232,30.9,15.0,20.0,2.0,1.0,3.0,1.0,10,1,1,1442.3
9262,23.700001,30.0,0.0,2.0,1.0,3.0,1.0,2,5,1,865.38
9273,26.4,90.0,5.0,1.0,1.0,3.0,1.0,5,3,1,940.536575074
9323,26.5,15.0,0.0,1.0,2.0,3.0,2.0,4,5,1,1050.0
